ISO-10303-21;
HEADER;
/* Generated by software containing ST-Developer
 * from STEP Tools, Inc. (www.steptools.com) 
 */

FILE_DESCRIPTION(
/* description */ ('STEP AP214'),
/* implementation_level */ '2;1');

FILE_NAME(
/* name */ 'DB125-2.54-XXP-C-S.step',
/* time_stamp */ '2026-09-14T21:15:42-04:00',
/* author */ (''),
/* organization */ (''),
/* preprocessor_version */ 'ST-DEVELOPER v20.1',
/* originating_system */ 'Autodesk Translation Framework v15.8.0.0',
/* authorisation */ '');

FILE_SCHEMA (('AUTOMOTIVE_DESIGN { 1 0 10303 214 3 1 1 }'));
ENDSEC;

DATA;
#10=MECHANICAL_DESIGN_GEOMETRIC_PRESENTATION_REPRESENTATION('',(#27,#28,
#29,#30,#31,#32,#33),#3593);
#11=ITEM_DEFINED_TRANSFORMATION($,$,#2241,#2388);
#12=(
REPRESENTATION_RELATIONSHIP($,$,#3604,#3603)
REPRESENTATION_RELATIONSHIP_WITH_TRANSFORMATION(#11)
SHAPE_REPRESENTATION_RELATIONSHIP()
);
#13=CONTEXT_DEPENDENT_SHAPE_REPRESENTATION(#12,#3602);
#14=NEXT_ASSEMBLY_USAGE_OCCURRENCE('1725656_1725656:1',
'1725656_1725656:1','1725656_1725656:1',#3606,#3607,'1725656_1725656:1');
#15=SHAPE_REPRESENTATION_RELATIONSHIP('SRR','None',#3604,#16);
#16=ADVANCED_BREP_SHAPE_REPRESENTATION('',(#34,#35,#36,#37,#38,#39,#40),
#3592);
#17=FACE_BOUND('',#290,.T.);
#18=FACE_BOUND('',#294,.T.);
#19=FACE_BOUND('',#341,.T.);
#20=FACE_BOUND('',#359,.T.);
#21=FACE_BOUND('',#360,.T.);
#22=FACE_BOUND('',#375,.T.);
#23=FACE_BOUND('',#376,.T.);
#24=FACE_BOUND('',#378,.T.);
#25=FACE_BOUND('',#390,.T.);
#26=FACE_BOUND('',#394,.T.);
#27=STYLED_ITEM('',(#3618),#34);
#28=STYLED_ITEM('',(#3618),#35);
#29=STYLED_ITEM('',(#3618),#36);
#30=STYLED_ITEM('',(#3619),#37);
#31=STYLED_ITEM('',(#3618),#38);
#32=STYLED_ITEM('',(#3618),#39);
#33=STYLED_ITEM('',(#3618),#40);
#34=MANIFOLD_SOLID_BREP('Body1',#2221);
#35=MANIFOLD_SOLID_BREP('Body2',#2222);
#36=MANIFOLD_SOLID_BREP('Body3',#2223);
#37=MANIFOLD_SOLID_BREP('Body4',#2224);
#38=MANIFOLD_SOLID_BREP('Body5',#2225);
#39=MANIFOLD_SOLID_BREP('Body6',#2226);
#40=MANIFOLD_SOLID_BREP('Body7',#2227);
#41=PLANE('',#2249);
#42=PLANE('',#2250);
#43=PLANE('',#2251);
#44=PLANE('',#2252);
#45=PLANE('',#2253);
#46=PLANE('',#2254);
#47=PLANE('',#2255);
#48=PLANE('',#2256);
#49=PLANE('',#2257);
#50=PLANE('',#2258);
#51=PLANE('',#2259);
#52=PLANE('',#2260);
#53=PLANE('',#2261);
#54=PLANE('',#2262);
#55=PLANE('',#2263);
#56=PLANE('',#2264);
#57=PLANE('',#2265);
#58=PLANE('',#2266);
#59=PLANE('',#2267);
#60=PLANE('',#2268);
#61=PLANE('',#2269);
#62=PLANE('',#2270);
#63=PLANE('',#2271);
#64=PLANE('',#2272);
#65=PLANE('',#2273);
#66=PLANE('',#2274);
#67=PLANE('',#2275);
#68=PLANE('',#2276);
#69=PLANE('',#2277);
#70=PLANE('',#2278);
#71=PLANE('',#2279);
#72=PLANE('',#2280);
#73=PLANE('',#2281);
#74=PLANE('',#2282);
#75=PLANE('',#2283);
#76=PLANE('',#2284);
#77=PLANE('',#2285);
#78=PLANE('',#2286);
#79=PLANE('',#2287);
#80=PLANE('',#2288);
#81=PLANE('',#2289);
#82=PLANE('',#2290);
#83=PLANE('',#2291);
#84=PLANE('',#2292);
#85=PLANE('',#2293);
#86=PLANE('',#2294);
#87=PLANE('',#2295);
#88=PLANE('',#2296);
#89=PLANE('',#2297);
#90=PLANE('',#2298);
#91=PLANE('',#2299);
#92=PLANE('',#2301);
#93=PLANE('',#2303);
#94=PLANE('',#2304);
#95=PLANE('',#2305);
#96=PLANE('',#2306);
#97=PLANE('',#2307);
#98=PLANE('',#2308);
#99=PLANE('',#2313);
#100=PLANE('',#2314);
#101=PLANE('',#2315);
#102=PLANE('',#2316);
#103=PLANE('',#2317);
#104=PLANE('',#2318);
#105=PLANE('',#2319);
#106=PLANE('',#2320);
#107=PLANE('',#2321);
#108=PLANE('',#2322);
#109=PLANE('',#2323);
#110=PLANE('',#2327);
#111=PLANE('',#2331);
#112=PLANE('',#2332);
#113=PLANE('',#2333);
#114=PLANE('',#2334);
#115=PLANE('',#2335);
#116=PLANE('',#2339);
#117=PLANE('',#2340);
#118=PLANE('',#2341);
#119=PLANE('',#2342);
#120=PLANE('',#2343);
#121=PLANE('',#2344);
#122=PLANE('',#2345);
#123=PLANE('',#2346);
#124=PLANE('',#2347);
#125=PLANE('',#2348);
#126=PLANE('',#2349);
#127=PLANE('',#2357);
#128=PLANE('',#2358);
#129=PLANE('',#2359);
#130=PLANE('',#2360);
#131=PLANE('',#2361);
#132=PLANE('',#2362);
#133=PLANE('',#2363);
#134=PLANE('',#2364);
#135=PLANE('',#2365);
#136=PLANE('',#2366);
#137=PLANE('',#2367);
#138=PLANE('',#2368);
#139=PLANE('',#2369);
#140=PLANE('',#2370);
#141=PLANE('',#2371);
#142=PLANE('',#2372);
#143=PLANE('',#2373);
#144=PLANE('',#2374);
#145=PLANE('',#2375);
#146=PLANE('',#2376);
#147=PLANE('',#2377);
#148=PLANE('',#2378);
#149=PLANE('',#2379);
#150=PLANE('',#2380);
#151=PLANE('',#2381);
#152=PLANE('',#2382);
#153=PLANE('',#2383);
#154=PLANE('',#2384);
#155=PLANE('',#2385);
#156=PLANE('',#2386);
#157=PLANE('',#2387);
#158=FACE_OUTER_BOUND('',#282,.T.);
#159=FACE_OUTER_BOUND('',#283,.T.);
#160=FACE_OUTER_BOUND('',#284,.T.);
#161=FACE_OUTER_BOUND('',#285,.T.);
#162=FACE_OUTER_BOUND('',#286,.T.);
#163=FACE_OUTER_BOUND('',#287,.T.);
#164=FACE_OUTER_BOUND('',#288,.T.);
#165=FACE_OUTER_BOUND('',#289,.T.);
#166=FACE_OUTER_BOUND('',#291,.T.);
#167=FACE_OUTER_BOUND('',#292,.T.);
#168=FACE_OUTER_BOUND('',#293,.T.);
#169=FACE_OUTER_BOUND('',#295,.T.);
#170=FACE_OUTER_BOUND('',#296,.T.);
#171=FACE_OUTER_BOUND('',#297,.T.);
#172=FACE_OUTER_BOUND('',#298,.T.);
#173=FACE_OUTER_BOUND('',#299,.T.);
#174=FACE_OUTER_BOUND('',#300,.T.);
#175=FACE_OUTER_BOUND('',#301,.T.);
#176=FACE_OUTER_BOUND('',#302,.T.);
#177=FACE_OUTER_BOUND('',#303,.T.);
#178=FACE_OUTER_BOUND('',#304,.T.);
#179=FACE_OUTER_BOUND('',#305,.T.);
#180=FACE_OUTER_BOUND('',#306,.T.);
#181=FACE_OUTER_BOUND('',#307,.T.);
#182=FACE_OUTER_BOUND('',#308,.T.);
#183=FACE_OUTER_BOUND('',#309,.T.);
#184=FACE_OUTER_BOUND('',#310,.T.);
#185=FACE_OUTER_BOUND('',#311,.T.);
#186=FACE_OUTER_BOUND('',#312,.T.);
#187=FACE_OUTER_BOUND('',#313,.T.);
#188=FACE_OUTER_BOUND('',#314,.T.);
#189=FACE_OUTER_BOUND('',#315,.T.);
#190=FACE_OUTER_BOUND('',#316,.T.);
#191=FACE_OUTER_BOUND('',#317,.T.);
#192=FACE_OUTER_BOUND('',#318,.T.);
#193=FACE_OUTER_BOUND('',#319,.T.);
#194=FACE_OUTER_BOUND('',#320,.T.);
#195=FACE_OUTER_BOUND('',#321,.T.);
#196=FACE_OUTER_BOUND('',#322,.T.);
#197=FACE_OUTER_BOUND('',#323,.T.);
#198=FACE_OUTER_BOUND('',#324,.T.);
#199=FACE_OUTER_BOUND('',#325,.T.);
#200=FACE_OUTER_BOUND('',#326,.T.);
#201=FACE_OUTER_BOUND('',#327,.T.);
#202=FACE_OUTER_BOUND('',#328,.T.);
#203=FACE_OUTER_BOUND('',#329,.T.);
#204=FACE_OUTER_BOUND('',#330,.T.);
#205=FACE_OUTER_BOUND('',#331,.T.);
#206=FACE_OUTER_BOUND('',#332,.T.);
#207=FACE_OUTER_BOUND('',#333,.T.);
#208=FACE_OUTER_BOUND('',#334,.T.);
#209=FACE_OUTER_BOUND('',#335,.T.);
#210=FACE_OUTER_BOUND('',#336,.T.);
#211=FACE_OUTER_BOUND('',#337,.T.);
#212=FACE_OUTER_BOUND('',#338,.T.);
#213=FACE_OUTER_BOUND('',#339,.T.);
#214=FACE_OUTER_BOUND('',#340,.T.);
#215=FACE_OUTER_BOUND('',#342,.T.);
#216=FACE_OUTER_BOUND('',#343,.T.);
#217=FACE_OUTER_BOUND('',#344,.T.);
#218=FACE_OUTER_BOUND('',#345,.T.);
#219=FACE_OUTER_BOUND('',#346,.T.);
#220=FACE_OUTER_BOUND('',#347,.T.);
#221=FACE_OUTER_BOUND('',#348,.T.);
#222=FACE_OUTER_BOUND('',#349,.T.);
#223=FACE_OUTER_BOUND('',#350,.T.);
#224=FACE_OUTER_BOUND('',#351,.T.);
#225=FACE_OUTER_BOUND('',#352,.T.);
#226=FACE_OUTER_BOUND('',#353,.T.);
#227=FACE_OUTER_BOUND('',#354,.T.);
#228=FACE_OUTER_BOUND('',#355,.T.);
#229=FACE_OUTER_BOUND('',#356,.T.);
#230=FACE_OUTER_BOUND('',#357,.T.);
#231=FACE_OUTER_BOUND('',#358,.T.);
#232=FACE_OUTER_BOUND('',#361,.T.);
#233=FACE_OUTER_BOUND('',#362,.T.);
#234=FACE_OUTER_BOUND('',#363,.T.);
#235=FACE_OUTER_BOUND('',#364,.T.);
#236=FACE_OUTER_BOUND('',#365,.T.);
#237=FACE_OUTER_BOUND('',#366,.T.);
#238=FACE_OUTER_BOUND('',#367,.T.);
#239=FACE_OUTER_BOUND('',#368,.T.);
#240=FACE_OUTER_BOUND('',#369,.T.);
#241=FACE_OUTER_BOUND('',#370,.T.);
#242=FACE_OUTER_BOUND('',#371,.T.);
#243=FACE_OUTER_BOUND('',#372,.T.);
#244=FACE_OUTER_BOUND('',#373,.T.);
#245=FACE_OUTER_BOUND('',#374,.T.);
#246=FACE_OUTER_BOUND('',#377,.T.);
#247=FACE_OUTER_BOUND('',#379,.T.);
#248=FACE_OUTER_BOUND('',#380,.T.);
#249=FACE_OUTER_BOUND('',#381,.T.);
#250=FACE_OUTER_BOUND('',#382,.T.);
#251=FACE_OUTER_BOUND('',#383,.T.);
#252=FACE_OUTER_BOUND('',#384,.T.);
#253=FACE_OUTER_BOUND('',#385,.T.);
#254=FACE_OUTER_BOUND('',#386,.T.);
#255=FACE_OUTER_BOUND('',#387,.T.);
#256=FACE_OUTER_BOUND('',#388,.T.);
#257=FACE_OUTER_BOUND('',#389,.T.);
#258=FACE_OUTER_BOUND('',#391,.T.);
#259=FACE_OUTER_BOUND('',#392,.T.);
#260=FACE_OUTER_BOUND('',#393,.T.);
#261=FACE_OUTER_BOUND('',#395,.T.);
#262=FACE_OUTER_BOUND('',#396,.T.);
#263=FACE_OUTER_BOUND('',#397,.T.);
#264=FACE_OUTER_BOUND('',#398,.T.);
#265=FACE_OUTER_BOUND('',#399,.T.);
#266=FACE_OUTER_BOUND('',#400,.T.);
#267=FACE_OUTER_BOUND('',#401,.T.);
#268=FACE_OUTER_BOUND('',#402,.T.);
#269=FACE_OUTER_BOUND('',#403,.T.);
#270=FACE_OUTER_BOUND('',#404,.T.);
#271=FACE_OUTER_BOUND('',#405,.T.);
#272=FACE_OUTER_BOUND('',#406,.T.);
#273=FACE_OUTER_BOUND('',#407,.T.);
#274=FACE_OUTER_BOUND('',#408,.T.);
#275=FACE_OUTER_BOUND('',#409,.T.);
#276=FACE_OUTER_BOUND('',#410,.T.);
#277=FACE_OUTER_BOUND('',#411,.T.);
#278=FACE_OUTER_BOUND('',#412,.T.);
#279=FACE_OUTER_BOUND('',#413,.T.);
#280=FACE_OUTER_BOUND('',#414,.T.);
#281=FACE_OUTER_BOUND('',#415,.T.);
#282=EDGE_LOOP('',(#1490,#1491,#1492,#1493,#1494,#1495,#1496,#1497,#1498,
#1499,#1500,#1501));
#283=EDGE_LOOP('',(#1502,#1503));
#284=EDGE_LOOP('',(#1504));
#285=EDGE_LOOP('',(#1505,#1506,#1507));
#286=EDGE_LOOP('',(#1508,#1509,#1510,#1511));
#287=EDGE_LOOP('',(#1512,#1513,#1514,#1515));
#288=EDGE_LOOP('',(#1516,#1517,#1518,#1519));
#289=EDGE_LOOP('',(#1520,#1521,#1522,#1523));
#290=EDGE_LOOP('',(#1524,#1525,#1526,#1527));
#291=EDGE_LOOP('',(#1528,#1529,#1530,#1531));
#292=EDGE_LOOP('',(#1532,#1533,#1534,#1535));
#293=EDGE_LOOP('',(#1536,#1537,#1538,#1539));
#294=EDGE_LOOP('',(#1540,#1541,#1542,#1543));
#295=EDGE_LOOP('',(#1544,#1545,#1546,#1547));
#296=EDGE_LOOP('',(#1548,#1549,#1550,#1551,#1552));
#297=EDGE_LOOP('',(#1553,#1554,#1555,#1556,#1557));
#298=EDGE_LOOP('',(#1558,#1559,#1560,#1561));
#299=EDGE_LOOP('',(#1562,#1563,#1564,#1565));
#300=EDGE_LOOP('',(#1566,#1567,#1568,#1569));
#301=EDGE_LOOP('',(#1570,#1571,#1572,#1573));
#302=EDGE_LOOP('',(#1574,#1575,#1576,#1577));
#303=EDGE_LOOP('',(#1578,#1579,#1580,#1581));
#304=EDGE_LOOP('',(#1582,#1583,#1584,#1585));
#305=EDGE_LOOP('',(#1586,#1587,#1588,#1589));
#306=EDGE_LOOP('',(#1590,#1591,#1592,#1593));
#307=EDGE_LOOP('',(#1594,#1595,#1596,#1597));
#308=EDGE_LOOP('',(#1598,#1599,#1600,#1601));
#309=EDGE_LOOP('',(#1602,#1603,#1604,#1605));
#310=EDGE_LOOP('',(#1606,#1607,#1608,#1609));
#311=EDGE_LOOP('',(#1610,#1611,#1612,#1613));
#312=EDGE_LOOP('',(#1614,#1615,#1616,#1617,#1618,#1619));
#313=EDGE_LOOP('',(#1620,#1621,#1622,#1623,#1624,#1625));
#314=EDGE_LOOP('',(#1626,#1627,#1628,#1629));
#315=EDGE_LOOP('',(#1630,#1631,#1632,#1633));
#316=EDGE_LOOP('',(#1634,#1635,#1636,#1637));
#317=EDGE_LOOP('',(#1638,#1639,#1640,#1641,#1642,#1643));
#318=EDGE_LOOP('',(#1644,#1645,#1646,#1647,#1648,#1649));
#319=EDGE_LOOP('',(#1650,#1651,#1652,#1653,#1654));
#320=EDGE_LOOP('',(#1655,#1656,#1657,#1658));
#321=EDGE_LOOP('',(#1659,#1660,#1661,#1662));
#322=EDGE_LOOP('',(#1663,#1664,#1665,#1666,#1667,#1668));
#323=EDGE_LOOP('',(#1669,#1670,#1671,#1672,#1673,#1674));
#324=EDGE_LOOP('',(#1675,#1676,#1677,#1678,#1679));
#325=EDGE_LOOP('',(#1680,#1681,#1682,#1683));
#326=EDGE_LOOP('',(#1684,#1685,#1686,#1687));
#327=EDGE_LOOP('',(#1688,#1689,#1690,#1691));
#328=EDGE_LOOP('',(#1692,#1693,#1694,#1695,#1696));
#329=EDGE_LOOP('',(#1697,#1698,#1699,#1700,#1701));
#330=EDGE_LOOP('',(#1702,#1703,#1704,#1705,#1706));
#331=EDGE_LOOP('',(#1707,#1708,#1709,#1710));
#332=EDGE_LOOP('',(#1711,#1712,#1713,#1714,#1715));
#333=EDGE_LOOP('',(#1716,#1717,#1718,#1719));
#334=EDGE_LOOP('',(#1720,#1721,#1722,#1723));
#335=EDGE_LOOP('',(#1724));
#336=EDGE_LOOP('',(#1725));
#337=EDGE_LOOP('',(#1726,#1727,#1728,#1729,#1730,#1731));
#338=EDGE_LOOP('',(#1732,#1733,#1734,#1735,#1736,#1737,#1738,#1739));
#339=EDGE_LOOP('',(#1740,#1741,#1742,#1743));
#340=EDGE_LOOP('',(#1744,#1745,#1746,#1747));
#341=EDGE_LOOP('',(#1748,#1749,#1750,#1751));
#342=EDGE_LOOP('',(#1752,#1753,#1754,#1755));
#343=EDGE_LOOP('',(#1756,#1757,#1758,#1759));
#344=EDGE_LOOP('',(#1760,#1761,#1762,#1763));
#345=EDGE_LOOP('',(#1764,#1765,#1766,#1767));
#346=EDGE_LOOP('',(#1768,#1769,#1770,#1771,#1772));
#347=EDGE_LOOP('',(#1773,#1774,#1775,#1776));
#348=EDGE_LOOP('',(#1777,#1778,#1779,#1780,#1781));
#349=EDGE_LOOP('',(#1782,#1783,#1784,#1785,#1786));
#350=EDGE_LOOP('',(#1787,#1788,#1789,#1790));
#351=EDGE_LOOP('',(#1791,#1792,#1793,#1794,#1795));
#352=EDGE_LOOP('',(#1796,#1797,#1798,#1799));
#353=EDGE_LOOP('',(#1800,#1801,#1802,#1803));
#354=EDGE_LOOP('',(#1804,#1805,#1806,#1807,#1808,#1809,#1810,#1811,#1812,
#1813,#1814,#1815));
#355=EDGE_LOOP('',(#1816,#1817,#1818,#1819));
#356=EDGE_LOOP('',(#1820,#1821,#1822,#1823));
#357=EDGE_LOOP('',(#1824,#1825,#1826,#1827));
#358=EDGE_LOOP('',(#1828,#1829,#1830,#1831));
#359=EDGE_LOOP('',(#1832));
#360=EDGE_LOOP('',(#1833));
#361=EDGE_LOOP('',(#1834,#1835,#1836,#1837));
#362=EDGE_LOOP('',(#1838,#1839,#1840,#1841,#1842,#1843,#1844,#1845,#1846,
#1847,#1848,#1849));
#363=EDGE_LOOP('',(#1850,#1851,#1852,#1853,#1854,#1855,#1856,#1857));
#364=EDGE_LOOP('',(#1858,#1859,#1860,#1861,#1862,#1863));
#365=EDGE_LOOP('',(#1864,#1865,#1866,#1867));
#366=EDGE_LOOP('',(#1868,#1869,#1870,#1871,#1872,#1873,#1874,#1875,#1876,
#1877));
#367=EDGE_LOOP('',(#1878,#1879,#1880,#1881));
#368=EDGE_LOOP('',(#1882,#1883,#1884,#1885,#1886,#1887,#1888,#1889,#1890,
#1891));
#369=EDGE_LOOP('',(#1892,#1893,#1894,#1895,#1896));
#370=EDGE_LOOP('',(#1897,#1898,#1899,#1900));
#371=EDGE_LOOP('',(#1901,#1902,#1903,#1904,#1905));
#372=EDGE_LOOP('',(#1906,#1907,#1908,#1909));
#373=EDGE_LOOP('',(#1910,#1911,#1912,#1913));
#374=EDGE_LOOP('',(#1914,#1915,#1916,#1917));
#375=EDGE_LOOP('',(#1918,#1919,#1920,#1921));
#376=EDGE_LOOP('',(#1922,#1923,#1924,#1925));
#377=EDGE_LOOP('',(#1926,#1927,#1928,#1929));
#378=EDGE_LOOP('',(#1930,#1931,#1932,#1933));
#379=EDGE_LOOP('',(#1934,#1935,#1936,#1937));
#380=EDGE_LOOP('',(#1938,#1939,#1940,#1941));
#381=EDGE_LOOP('',(#1942,#1943,#1944,#1945));
#382=EDGE_LOOP('',(#1946,#1947,#1948,#1949,#1950,#1951,#1952,#1953,#1954,
#1955,#1956,#1957));
#383=EDGE_LOOP('',(#1958,#1959));
#384=EDGE_LOOP('',(#1960));
#385=EDGE_LOOP('',(#1961,#1962,#1963));
#386=EDGE_LOOP('',(#1964,#1965,#1966,#1967));
#387=EDGE_LOOP('',(#1968,#1969,#1970,#1971));
#388=EDGE_LOOP('',(#1972,#1973,#1974,#1975));
#389=EDGE_LOOP('',(#1976,#1977,#1978,#1979));
#390=EDGE_LOOP('',(#1980,#1981,#1982,#1983));
#391=EDGE_LOOP('',(#1984,#1985,#1986,#1987));
#392=EDGE_LOOP('',(#1988,#1989,#1990,#1991));
#393=EDGE_LOOP('',(#1992,#1993,#1994,#1995));
#394=EDGE_LOOP('',(#1996,#1997,#1998,#1999));
#395=EDGE_LOOP('',(#2000,#2001,#2002,#2003));
#396=EDGE_LOOP('',(#2004,#2005,#2006,#2007,#2008));
#397=EDGE_LOOP('',(#2009,#2010,#2011,#2012,#2013));
#398=EDGE_LOOP('',(#2014,#2015,#2016,#2017));
#399=EDGE_LOOP('',(#2018,#2019,#2020,#2021));
#400=EDGE_LOOP('',(#2022,#2023,#2024,#2025));
#401=EDGE_LOOP('',(#2026,#2027,#2028,#2029));
#402=EDGE_LOOP('',(#2030,#2031,#2032,#2033));
#403=EDGE_LOOP('',(#2034,#2035,#2036,#2037));
#404=EDGE_LOOP('',(#2038,#2039,#2040,#2041));
#405=EDGE_LOOP('',(#2042,#2043,#2044,#2045));
#406=EDGE_LOOP('',(#2046,#2047,#2048,#2049));
#407=EDGE_LOOP('',(#2050,#2051,#2052,#2053));
#408=EDGE_LOOP('',(#2054,#2055,#2056,#2057));
#409=EDGE_LOOP('',(#2058,#2059,#2060,#2061));
#410=EDGE_LOOP('',(#2062,#2063,#2064,#2065));
#411=EDGE_LOOP('',(#2066,#2067,#2068,#2069));
#412=EDGE_LOOP('',(#2070,#2071,#2072,#2073,#2074,#2075));
#413=EDGE_LOOP('',(#2076,#2077,#2078,#2079,#2080,#2081));
#414=EDGE_LOOP('',(#2082,#2083,#2084,#2085));
#415=EDGE_LOOP('',(#2086,#2087,#2088,#2089));
#416=LINE('',#2971,#694);
#417=LINE('',#2975,#695);
#418=LINE('',#2979,#696);
#419=LINE('',#2983,#697);
#420=LINE('',#2987,#698);
#421=LINE('',#2990,#699);
#422=LINE('',#2993,#700);
#423=LINE('',#2995,#701);
#424=LINE('',#2996,#702);
#425=LINE('',#3002,#703);
#426=LINE('',#3004,#704);
#427=LINE('',#3006,#705);
#428=LINE('',#3007,#706);
#429=LINE('',#3010,#707);
#430=LINE('',#3012,#708);
#431=LINE('',#3014,#709);
#432=LINE('',#3015,#710);
#433=LINE('',#3018,#711);
#434=LINE('',#3020,#712);
#435=LINE('',#3021,#713);
#436=LINE('',#3024,#714);
#437=LINE('',#3026,#715);
#438=LINE('',#3027,#716);
#439=LINE('',#3030,#717);
#440=LINE('',#3032,#718);
#441=LINE('',#3033,#719);
#442=LINE('',#3036,#720);
#443=LINE('',#3038,#721);
#444=LINE('',#3040,#722);
#445=LINE('',#3041,#723);
#446=LINE('',#3043,#724);
#447=LINE('',#3044,#725);
#448=LINE('',#3049,#726);
#449=LINE('',#3051,#727);
#450=LINE('',#3052,#728);
#451=LINE('',#3055,#729);
#452=LINE('',#3056,#730);
#453=LINE('',#3059,#731);
#454=LINE('',#3060,#732);
#455=LINE('',#3062,#733);
#456=LINE('',#3066,#734);
#457=LINE('',#3068,#735);
#458=LINE('',#3069,#736);
#459=LINE('',#3072,#737);
#460=LINE('',#3073,#738);
#461=LINE('',#3076,#739);
#462=LINE('',#3077,#740);
#463=LINE('',#3079,#741);
#464=LINE('',#3084,#742);
#465=LINE('',#3086,#743);
#466=LINE('',#3088,#744);
#467=LINE('',#3089,#745);
#468=LINE('',#3092,#746);
#469=LINE('',#3094,#747);
#470=LINE('',#3095,#748);
#471=LINE('',#3098,#749);
#472=LINE('',#3100,#750);
#473=LINE('',#3101,#751);
#474=LINE('',#3105,#752);
#475=LINE('',#3107,#753);
#476=LINE('',#3109,#754);
#477=LINE('',#3110,#755);
#478=LINE('',#3112,#756);
#479=LINE('',#3113,#757);
#480=LINE('',#3115,#758);
#481=LINE('',#3116,#759);
#482=LINE('',#3122,#760);
#483=LINE('',#3124,#761);
#484=LINE('',#3126,#762);
#485=LINE('',#3127,#763);
#486=LINE('',#3130,#764);
#487=LINE('',#3132,#765);
#488=LINE('',#3134,#766);
#489=LINE('',#3136,#767);
#490=LINE('',#3137,#768);
#491=LINE('',#3140,#769);
#492=LINE('',#3142,#770);
#493=LINE('',#3144,#771);
#494=LINE('',#3146,#772);
#495=LINE('',#3147,#773);
#496=LINE('',#3150,#774);
#497=LINE('',#3151,#775);
#498=LINE('',#3154,#776);
#499=LINE('',#3155,#777);
#500=LINE('',#3159,#778);
#501=LINE('',#3161,#779);
#502=LINE('',#3163,#780);
#503=LINE('',#3164,#781);
#504=LINE('',#3167,#782);
#505=LINE('',#3169,#783);
#506=LINE('',#3171,#784);
#507=LINE('',#3173,#785);
#508=LINE('',#3174,#786);
#509=LINE('',#3177,#787);
#510=LINE('',#3179,#788);
#511=LINE('',#3181,#789);
#512=LINE('',#3183,#790);
#513=LINE('',#3184,#791);
#514=LINE('',#3187,#792);
#515=LINE('',#3188,#793);
#516=LINE('',#3191,#794);
#517=LINE('',#3192,#795);
#518=LINE('',#3194,#796);
#519=LINE('',#3195,#797);
#520=LINE('',#3197,#798);
#521=LINE('',#3198,#799);
#522=LINE('',#3200,#800);
#523=LINE('',#3202,#801);
#524=LINE('',#3206,#802);
#525=LINE('',#3208,#803);
#526=LINE('',#3210,#804);
#527=LINE('',#3212,#805);
#528=LINE('',#3213,#806);
#529=LINE('',#3216,#807);
#530=LINE('',#3218,#808);
#531=LINE('',#3219,#809);
#532=LINE('',#3223,#810);
#533=LINE('',#3224,#811);
#534=LINE('',#3226,#812);
#535=LINE('',#3227,#813);
#536=LINE('',#3229,#814);
#537=LINE('',#3230,#815);
#538=LINE('',#3233,#816);
#539=LINE('',#3235,#817);
#540=LINE('',#3236,#818);
#541=LINE('',#3245,#819);
#542=LINE('',#3247,#820);
#543=LINE('',#3248,#821);
#544=LINE('',#3251,#822);
#545=LINE('',#3253,#823);
#546=LINE('',#3254,#824);
#547=LINE('',#3257,#825);
#548=LINE('',#3258,#826);
#549=LINE('',#3261,#827);
#550=LINE('',#3262,#828);
#551=LINE('',#3264,#829);
#552=LINE('',#3267,#830);
#553=LINE('',#3269,#831);
#554=LINE('',#3270,#832);
#555=LINE('',#3273,#833);
#556=LINE('',#3277,#834);
#557=LINE('',#3282,#835);
#558=LINE('',#3283,#836);
#559=LINE('',#3284,#837);
#560=LINE('',#3287,#838);
#561=LINE('',#3288,#839);
#562=LINE('',#3291,#840);
#563=LINE('',#3292,#841);
#564=LINE('',#3296,#842);
#565=LINE('',#3298,#843);
#566=LINE('',#3300,#844);
#567=LINE('',#3302,#845);
#568=LINE('',#3303,#846);
#569=LINE('',#3307,#847);
#570=LINE('',#3308,#848);
#571=LINE('',#3309,#849);
#572=LINE('',#3313,#850);
#573=LINE('',#3315,#851);
#574=LINE('',#3316,#852);
#575=LINE('',#3317,#853);
#576=LINE('',#3319,#854);
#577=LINE('',#3320,#855);
#578=LINE('',#3324,#856);
#579=LINE('',#3326,#857);
#580=LINE('',#3328,#858);
#581=LINE('',#3330,#859);
#582=LINE('',#3331,#860);
#583=LINE('',#3332,#861);
#584=LINE('',#3336,#862);
#585=LINE('',#3338,#863);
#586=LINE('',#3340,#864);
#587=LINE('',#3341,#865);
#588=LINE('',#3344,#866);
#589=LINE('',#3346,#867);
#590=LINE('',#3347,#868);
#591=LINE('',#3353,#869);
#592=LINE('',#3356,#870);
#593=LINE('',#3358,#871);
#594=LINE('',#3359,#872);
#595=LINE('',#3365,#873);
#596=LINE('',#3367,#874);
#597=LINE('',#3368,#875);
#598=LINE('',#3371,#876);
#599=LINE('',#3373,#877);
#600=LINE('',#3375,#878);
#601=LINE('',#3377,#879);
#602=LINE('',#3378,#880);
#603=LINE('',#3381,#881);
#604=LINE('',#3383,#882);
#605=LINE('',#3384,#883);
#606=LINE('',#3387,#884);
#607=LINE('',#3389,#885);
#608=LINE('',#3390,#886);
#609=LINE('',#3393,#887);
#610=LINE('',#3397,#888);
#611=LINE('',#3400,#889);
#612=LINE('',#3403,#890);
#613=LINE('',#3405,#891);
#614=LINE('',#3406,#892);
#615=LINE('',#3409,#893);
#616=LINE('',#3410,#894);
#617=LINE('',#3413,#895);
#618=LINE('',#3414,#896);
#619=LINE('',#3416,#897);
#620=LINE('',#3419,#898);
#621=LINE('',#3421,#899);
#622=LINE('',#3422,#900);
#623=LINE('',#3426,#901);
#624=LINE('',#3428,#902);
#625=LINE('',#3429,#903);
#626=LINE('',#3431,#904);
#627=LINE('',#3433,#905);
#628=LINE('',#3439,#906);
#629=LINE('',#3443,#907);
#630=LINE('',#3447,#908);
#631=LINE('',#3451,#909);
#632=LINE('',#3455,#910);
#633=LINE('',#3458,#911);
#634=LINE('',#3461,#912);
#635=LINE('',#3463,#913);
#636=LINE('',#3464,#914);
#637=LINE('',#3470,#915);
#638=LINE('',#3472,#916);
#639=LINE('',#3474,#917);
#640=LINE('',#3475,#918);
#641=LINE('',#3478,#919);
#642=LINE('',#3480,#920);
#643=LINE('',#3482,#921);
#644=LINE('',#3483,#922);
#645=LINE('',#3486,#923);
#646=LINE('',#3488,#924);
#647=LINE('',#3489,#925);
#648=LINE('',#3492,#926);
#649=LINE('',#3494,#927);
#650=LINE('',#3495,#928);
#651=LINE('',#3498,#929);
#652=LINE('',#3500,#930);
#653=LINE('',#3501,#931);
#654=LINE('',#3504,#932);
#655=LINE('',#3506,#933);
#656=LINE('',#3508,#934);
#657=LINE('',#3509,#935);
#658=LINE('',#3511,#936);
#659=LINE('',#3512,#937);
#660=LINE('',#3517,#938);
#661=LINE('',#3519,#939);
#662=LINE('',#3520,#940);
#663=LINE('',#3523,#941);
#664=LINE('',#3524,#942);
#665=LINE('',#3527,#943);
#666=LINE('',#3528,#944);
#667=LINE('',#3530,#945);
#668=LINE('',#3534,#946);
#669=LINE('',#3536,#947);
#670=LINE('',#3537,#948);
#671=LINE('',#3540,#949);
#672=LINE('',#3541,#950);
#673=LINE('',#3544,#951);
#674=LINE('',#3545,#952);
#675=LINE('',#3547,#953);
#676=LINE('',#3552,#954);
#677=LINE('',#3554,#955);
#678=LINE('',#3556,#956);
#679=LINE('',#3557,#957);
#680=LINE('',#3560,#958);
#681=LINE('',#3562,#959);
#682=LINE('',#3563,#960);
#683=LINE('',#3566,#961);
#684=LINE('',#3568,#962);
#685=LINE('',#3569,#963);
#686=LINE('',#3573,#964);
#687=LINE('',#3575,#965);
#688=LINE('',#3577,#966);
#689=LINE('',#3578,#967);
#690=LINE('',#3580,#968);
#691=LINE('',#3581,#969);
#692=LINE('',#3583,#970);
#693=LINE('',#3584,#971);
#694=VECTOR('',#2397,1.05);
#695=VECTOR('',#2400,1000.);
#696=VECTOR('',#2403,1000.);
#697=VECTOR('',#2406,1000.);
#698=VECTOR('',#2409,1000.);
#699=VECTOR('',#2414,1000.);
#700=VECTOR('',#2419,1000.);
#701=VECTOR('',#2422,1000.);
#702=VECTOR('',#2423,1000.);
#703=VECTOR('',#2430,1000.);
#704=VECTOR('',#2431,1000.);
#705=VECTOR('',#2432,1000.);
#706=VECTOR('',#2433,1000.);
#707=VECTOR('',#2434,1000.);
#708=VECTOR('',#2435,1000.);
#709=VECTOR('',#2436,1000.);
#710=VECTOR('',#2437,1000.);
#711=VECTOR('',#2440,1000.);
#712=VECTOR('',#2441,1000.);
#713=VECTOR('',#2442,1000.);
#714=VECTOR('',#2445,1000.);
#715=VECTOR('',#2446,1000.);
#716=VECTOR('',#2447,1000.);
#717=VECTOR('',#2450,1000.);
#718=VECTOR('',#2451,1000.);
#719=VECTOR('',#2452,1000.);
#720=VECTOR('',#2453,1000.);
#721=VECTOR('',#2454,1000.);
#722=VECTOR('',#2455,1000.);
#723=VECTOR('',#2456,1000.);
#724=VECTOR('',#2459,1000.);
#725=VECTOR('',#2460,1000.);
#726=VECTOR('',#2467,1000.);
#727=VECTOR('',#2468,1000.);
#728=VECTOR('',#2469,1000.);
#729=VECTOR('',#2472,1000.);
#730=VECTOR('',#2473,1000.);
#731=VECTOR('',#2476,1000.);
#732=VECTOR('',#2477,1000.);
#733=VECTOR('',#2480,1000.);
#734=VECTOR('',#2485,1000.);
#735=VECTOR('',#2486,1000.);
#736=VECTOR('',#2487,1000.);
#737=VECTOR('',#2490,1000.);
#738=VECTOR('',#2491,1000.);
#739=VECTOR('',#2494,1000.);
#740=VECTOR('',#2495,1000.);
#741=VECTOR('',#2498,1000.);
#742=VECTOR('',#2503,1000.);
#743=VECTOR('',#2504,1000.);
#744=VECTOR('',#2505,1000.);
#745=VECTOR('',#2506,1000.);
#746=VECTOR('',#2509,1000.);
#747=VECTOR('',#2510,1000.);
#748=VECTOR('',#2511,1000.);
#749=VECTOR('',#2514,1000.);
#750=VECTOR('',#2515,1000.);
#751=VECTOR('',#2516,1000.);
#752=VECTOR('',#2519,1000.);
#753=VECTOR('',#2520,1000.);
#754=VECTOR('',#2521,1000.);
#755=VECTOR('',#2522,1000.);
#756=VECTOR('',#2525,1000.);
#757=VECTOR('',#2526,1000.);
#758=VECTOR('',#2529,1000.);
#759=VECTOR('',#2530,1000.);
#760=VECTOR('',#2537,1000.);
#761=VECTOR('',#2538,10.);
#762=VECTOR('',#2539,1000.);
#763=VECTOR('',#2540,1000.);
#764=VECTOR('',#2543,1000.);
#765=VECTOR('',#2544,1000.);
#766=VECTOR('',#2545,1000.);
#767=VECTOR('',#2546,1000.);
#768=VECTOR('',#2547,1000.);
#769=VECTOR('',#2550,1000.);
#770=VECTOR('',#2551,1000.);
#771=VECTOR('',#2552,10.);
#772=VECTOR('',#2553,10.);
#773=VECTOR('',#2554,10.);
#774=VECTOR('',#2557,1000.);
#775=VECTOR('',#2558,1000.);
#776=VECTOR('',#2561,1000.);
#777=VECTOR('',#2562,1000.);
#778=VECTOR('',#2565,1000.);
#779=VECTOR('',#2566,10.);
#780=VECTOR('',#2567,1000.);
#781=VECTOR('',#2568,1000.);
#782=VECTOR('',#2571,1000.);
#783=VECTOR('',#2572,1000.);
#784=VECTOR('',#2573,1000.);
#785=VECTOR('',#2574,1000.);
#786=VECTOR('',#2575,1000.);
#787=VECTOR('',#2578,1000.);
#788=VECTOR('',#2579,1000.);
#789=VECTOR('',#2580,10.);
#790=VECTOR('',#2581,10.);
#791=VECTOR('',#2582,10.);
#792=VECTOR('',#2585,1000.);
#793=VECTOR('',#2586,1000.);
#794=VECTOR('',#2589,1000.);
#795=VECTOR('',#2590,1000.);
#796=VECTOR('',#2593,10.);
#797=VECTOR('',#2594,1000.);
#798=VECTOR('',#2597,10.);
#799=VECTOR('',#2598,1000.);
#800=VECTOR('',#2601,1000.);
#801=VECTOR('',#2604,1000.);
#802=VECTOR('',#2607,1000.);
#803=VECTOR('',#2608,1000.);
#804=VECTOR('',#2609,1000.);
#805=VECTOR('',#2610,1000.);
#806=VECTOR('',#2611,1000.);
#807=VECTOR('',#2614,1000.);
#808=VECTOR('',#2615,1000.);
#809=VECTOR('',#2616,1000.);
#810=VECTOR('',#2619,1000.);
#811=VECTOR('',#2620,1000.);
#812=VECTOR('',#2621,1000.);
#813=VECTOR('',#2622,1000.);
#814=VECTOR('',#2625,1000.);
#815=VECTOR('',#2626,1000.);
#816=VECTOR('',#2629,1000.);
#817=VECTOR('',#2630,1000.);
#818=VECTOR('',#2631,1000.);
#819=VECTOR('',#2642,1000.);
#820=VECTOR('',#2643,1000.);
#821=VECTOR('',#2644,1000.);
#822=VECTOR('',#2647,1000.);
#823=VECTOR('',#2648,1000.);
#824=VECTOR('',#2649,1000.);
#825=VECTOR('',#2652,1000.);
#826=VECTOR('',#2653,1000.);
#827=VECTOR('',#2656,1000.);
#828=VECTOR('',#2657,1000.);
#829=VECTOR('',#2660,1000.);
#830=VECTOR('',#2663,1000.);
#831=VECTOR('',#2664,1000.);
#832=VECTOR('',#2665,1000.);
#833=VECTOR('',#2668,1.1);
#834=VECTOR('',#2673,1.1);
#835=VECTOR('',#2678,1000.);
#836=VECTOR('',#2679,1000.);
#837=VECTOR('',#2680,1000.);
#838=VECTOR('',#2683,1000.);
#839=VECTOR('',#2684,1000.);
#840=VECTOR('',#2687,1000.);
#841=VECTOR('',#2688,1000.);
#842=VECTOR('',#2691,1000.);
#843=VECTOR('',#2692,1000.);
#844=VECTOR('',#2693,1000.);
#845=VECTOR('',#2694,1000.);
#846=VECTOR('',#2695,1000.);
#847=VECTOR('',#2698,1000.);
#848=VECTOR('',#2699,1000.);
#849=VECTOR('',#2700,1000.);
#850=VECTOR('',#2703,1000.);
#851=VECTOR('',#2704,1000.);
#852=VECTOR('',#2705,1000.);
#853=VECTOR('',#2706,1000.);
#854=VECTOR('',#2709,1000.);
#855=VECTOR('',#2710,1000.);
#856=VECTOR('',#2715,1000.);
#857=VECTOR('',#2716,1000.);
#858=VECTOR('',#2717,1000.);
#859=VECTOR('',#2718,1000.);
#860=VECTOR('',#2719,1000.);
#861=VECTOR('',#2720,1000.);
#862=VECTOR('',#2723,1000.);
#863=VECTOR('',#2724,1000.);
#864=VECTOR('',#2725,1000.);
#865=VECTOR('',#2726,1000.);
#866=VECTOR('',#2729,1000.);
#867=VECTOR('',#2730,1000.);
#868=VECTOR('',#2731,1000.);
#869=VECTOR('',#2738,1000.);
#870=VECTOR('',#2741,1000.);
#871=VECTOR('',#2742,1000.);
#872=VECTOR('',#2743,1000.);
#873=VECTOR('',#2750,1000.);
#874=VECTOR('',#2753,1000.);
#875=VECTOR('',#2754,1000.);
#876=VECTOR('',#2757,1000.);
#877=VECTOR('',#2758,1000.);
#878=VECTOR('',#2759,1000.);
#879=VECTOR('',#2760,1000.);
#880=VECTOR('',#2761,1000.);
#881=VECTOR('',#2764,1000.);
#882=VECTOR('',#2765,1000.);
#883=VECTOR('',#2766,1000.);
#884=VECTOR('',#2769,1000.);
#885=VECTOR('',#2770,1000.);
#886=VECTOR('',#2771,1000.);
#887=VECTOR('',#2774,1000.);
#888=VECTOR('',#2779,1000.);
#889=VECTOR('',#2784,1000.);
#890=VECTOR('',#2787,1000.);
#891=VECTOR('',#2788,1000.);
#892=VECTOR('',#2789,1000.);
#893=VECTOR('',#2792,1000.);
#894=VECTOR('',#2793,1000.);
#895=VECTOR('',#2796,1000.);
#896=VECTOR('',#2797,1000.);
#897=VECTOR('',#2800,1000.);
#898=VECTOR('',#2803,1000.);
#899=VECTOR('',#2804,1000.);
#900=VECTOR('',#2805,1000.);
#901=VECTOR('',#2810,1000.);
#902=VECTOR('',#2811,1000.);
#903=VECTOR('',#2812,1000.);
#904=VECTOR('',#2815,1000.);
#905=VECTOR('',#2818,1000.);
#906=VECTOR('',#2825,1.05);
#907=VECTOR('',#2828,1000.);
#908=VECTOR('',#2831,1000.);
#909=VECTOR('',#2834,1000.);
#910=VECTOR('',#2837,1000.);
#911=VECTOR('',#2842,1000.);
#912=VECTOR('',#2847,1000.);
#913=VECTOR('',#2850,1000.);
#914=VECTOR('',#2851,1000.);
#915=VECTOR('',#2858,1000.);
#916=VECTOR('',#2859,1000.);
#917=VECTOR('',#2860,1000.);
#918=VECTOR('',#2861,1000.);
#919=VECTOR('',#2862,1000.);
#920=VECTOR('',#2863,1000.);
#921=VECTOR('',#2864,1000.);
#922=VECTOR('',#2865,1000.);
#923=VECTOR('',#2868,1000.);
#924=VECTOR('',#2869,1000.);
#925=VECTOR('',#2870,1000.);
#926=VECTOR('',#2873,1000.);
#927=VECTOR('',#2874,1000.);
#928=VECTOR('',#2875,1000.);
#929=VECTOR('',#2878,1000.);
#930=VECTOR('',#2879,1000.);
#931=VECTOR('',#2880,1000.);
#932=VECTOR('',#2881,1000.);
#933=VECTOR('',#2882,1000.);
#934=VECTOR('',#2883,1000.);
#935=VECTOR('',#2884,1000.);
#936=VECTOR('',#2887,1000.);
#937=VECTOR('',#2888,1000.);
#938=VECTOR('',#2895,1000.);
#939=VECTOR('',#2896,1000.);
#940=VECTOR('',#2897,1000.);
#941=VECTOR('',#2900,1000.);
#942=VECTOR('',#2901,1000.);
#943=VECTOR('',#2904,1000.);
#944=VECTOR('',#2905,1000.);
#945=VECTOR('',#2908,1000.);
#946=VECTOR('',#2913,1000.);
#947=VECTOR('',#2914,1000.);
#948=VECTOR('',#2915,1000.);
#949=VECTOR('',#2918,1000.);
#950=VECTOR('',#2919,1000.);
#951=VECTOR('',#2922,1000.);
#952=VECTOR('',#2923,1000.);
#953=VECTOR('',#2926,1000.);
#954=VECTOR('',#2931,1000.);
#955=VECTOR('',#2932,1000.);
#956=VECTOR('',#2933,1000.);
#957=VECTOR('',#2934,1000.);
#958=VECTOR('',#2937,1000.);
#959=VECTOR('',#2938,1000.);
#960=VECTOR('',#2939,1000.);
#961=VECTOR('',#2942,1000.);
#962=VECTOR('',#2943,1000.);
#963=VECTOR('',#2944,1000.);
#964=VECTOR('',#2947,1000.);
#965=VECTOR('',#2948,1000.);
#966=VECTOR('',#2949,1000.);
#967=VECTOR('',#2950,1000.);
#968=VECTOR('',#2953,1000.);
#969=VECTOR('',#2954,1000.);
#970=VECTOR('',#2957,1000.);
#971=VECTOR('',#2958,1000.);
#972=CIRCLE('',#2243,1.05);
#973=CIRCLE('',#2244,1.05);
#974=CIRCLE('',#2245,1.05);
#975=CIRCLE('',#2246,1.05);
#976=CIRCLE('',#2247,1.05);
#977=CIRCLE('',#2248,1.05);
#978=CIRCLE('',#2300,1.1);
#979=CIRCLE('',#2302,1.1);
#980=CIRCLE('',#2310,1.1);
#981=CIRCLE('',#2312,1.1);
#982=CIRCLE('',#2325,0.3);
#983=CIRCLE('',#2326,0.3);
#984=CIRCLE('',#2329,0.3);
#985=CIRCLE('',#2330,0.3);
#986=CIRCLE('',#2336,0.3);
#987=CIRCLE('',#2338,0.3);
#988=CIRCLE('',#2351,1.05);
#989=CIRCLE('',#2352,1.05);
#990=CIRCLE('',#2353,1.05);
#991=CIRCLE('',#2354,1.05);
#992=CIRCLE('',#2355,1.05);
#993=CIRCLE('',#2356,1.05);
#994=VERTEX_POINT('',#2968);
#995=VERTEX_POINT('',#2970);
#996=VERTEX_POINT('',#2972);
#997=VERTEX_POINT('',#2974);
#998=VERTEX_POINT('',#2976);
#999=VERTEX_POINT('',#2978);
#1000=VERTEX_POINT('',#2980);
#1001=VERTEX_POINT('',#2982);
#1002=VERTEX_POINT('',#2984);
#1003=VERTEX_POINT('',#2986);
#1004=VERTEX_POINT('',#3000);
#1005=VERTEX_POINT('',#3001);
#1006=VERTEX_POINT('',#3003);
#1007=VERTEX_POINT('',#3005);
#1008=VERTEX_POINT('',#3008);
#1009=VERTEX_POINT('',#3009);
#1010=VERTEX_POINT('',#3011);
#1011=VERTEX_POINT('',#3013);
#1012=VERTEX_POINT('',#3017);
#1013=VERTEX_POINT('',#3019);
#1014=VERTEX_POINT('',#3023);
#1015=VERTEX_POINT('',#3025);
#1016=VERTEX_POINT('',#3029);
#1017=VERTEX_POINT('',#3031);
#1018=VERTEX_POINT('',#3034);
#1019=VERTEX_POINT('',#3035);
#1020=VERTEX_POINT('',#3037);
#1021=VERTEX_POINT('',#3039);
#1022=VERTEX_POINT('',#3048);
#1023=VERTEX_POINT('',#3050);
#1024=VERTEX_POINT('',#3054);
#1025=VERTEX_POINT('',#3058);
#1026=VERTEX_POINT('',#3065);
#1027=VERTEX_POINT('',#3067);
#1028=VERTEX_POINT('',#3071);
#1029=VERTEX_POINT('',#3075);
#1030=VERTEX_POINT('',#3082);
#1031=VERTEX_POINT('',#3083);
#1032=VERTEX_POINT('',#3085);
#1033=VERTEX_POINT('',#3087);
#1034=VERTEX_POINT('',#3091);
#1035=VERTEX_POINT('',#3093);
#1036=VERTEX_POINT('',#3097);
#1037=VERTEX_POINT('',#3099);
#1038=VERTEX_POINT('',#3103);
#1039=VERTEX_POINT('',#3104);
#1040=VERTEX_POINT('',#3106);
#1041=VERTEX_POINT('',#3108);
#1042=VERTEX_POINT('',#3120);
#1043=VERTEX_POINT('',#3121);
#1044=VERTEX_POINT('',#3123);
#1045=VERTEX_POINT('',#3125);
#1046=VERTEX_POINT('',#3129);
#1047=VERTEX_POINT('',#3131);
#1048=VERTEX_POINT('',#3133);
#1049=VERTEX_POINT('',#3135);
#1050=VERTEX_POINT('',#3139);
#1051=VERTEX_POINT('',#3141);
#1052=VERTEX_POINT('',#3143);
#1053=VERTEX_POINT('',#3145);
#1054=VERTEX_POINT('',#3149);
#1055=VERTEX_POINT('',#3153);
#1056=VERTEX_POINT('',#3157);
#1057=VERTEX_POINT('',#3158);
#1058=VERTEX_POINT('',#3160);
#1059=VERTEX_POINT('',#3162);
#1060=VERTEX_POINT('',#3166);
#1061=VERTEX_POINT('',#3168);
#1062=VERTEX_POINT('',#3170);
#1063=VERTEX_POINT('',#3172);
#1064=VERTEX_POINT('',#3176);
#1065=VERTEX_POINT('',#3178);
#1066=VERTEX_POINT('',#3180);
#1067=VERTEX_POINT('',#3182);
#1068=VERTEX_POINT('',#3186);
#1069=VERTEX_POINT('',#3190);
#1070=VERTEX_POINT('',#3204);
#1071=VERTEX_POINT('',#3205);
#1072=VERTEX_POINT('',#3207);
#1073=VERTEX_POINT('',#3209);
#1074=VERTEX_POINT('',#3211);
#1075=VERTEX_POINT('',#3215);
#1076=VERTEX_POINT('',#3217);
#1077=VERTEX_POINT('',#3221);
#1078=VERTEX_POINT('',#3222);
#1079=VERTEX_POINT('',#3225);
#1080=VERTEX_POINT('',#3232);
#1081=VERTEX_POINT('',#3234);
#1082=VERTEX_POINT('',#3238);
#1083=VERTEX_POINT('',#3241);
#1084=VERTEX_POINT('',#3244);
#1085=VERTEX_POINT('',#3246);
#1086=VERTEX_POINT('',#3250);
#1087=VERTEX_POINT('',#3252);
#1088=VERTEX_POINT('',#3256);
#1089=VERTEX_POINT('',#3260);
#1090=VERTEX_POINT('',#3266);
#1091=VERTEX_POINT('',#3268);
#1092=VERTEX_POINT('',#3272);
#1093=VERTEX_POINT('',#3276);
#1094=VERTEX_POINT('',#3280);
#1095=VERTEX_POINT('',#3281);
#1096=VERTEX_POINT('',#3286);
#1097=VERTEX_POINT('',#3290);
#1098=VERTEX_POINT('',#3294);
#1099=VERTEX_POINT('',#3295);
#1100=VERTEX_POINT('',#3297);
#1101=VERTEX_POINT('',#3299);
#1102=VERTEX_POINT('',#3301);
#1103=VERTEX_POINT('',#3305);
#1104=VERTEX_POINT('',#3306);
#1105=VERTEX_POINT('',#3311);
#1106=VERTEX_POINT('',#3312);
#1107=VERTEX_POINT('',#3314);
#1108=VERTEX_POINT('',#3323);
#1109=VERTEX_POINT('',#3325);
#1110=VERTEX_POINT('',#3327);
#1111=VERTEX_POINT('',#3329);
#1112=VERTEX_POINT('',#3334);
#1113=VERTEX_POINT('',#3335);
#1114=VERTEX_POINT('',#3337);
#1115=VERTEX_POINT('',#3339);
#1116=VERTEX_POINT('',#3343);
#1117=VERTEX_POINT('',#3345);
#1118=VERTEX_POINT('',#3349);
#1119=VERTEX_POINT('',#3351);
#1120=VERTEX_POINT('',#3355);
#1121=VERTEX_POINT('',#3357);
#1122=VERTEX_POINT('',#3361);
#1123=VERTEX_POINT('',#3363);
#1124=VERTEX_POINT('',#3370);
#1125=VERTEX_POINT('',#3372);
#1126=VERTEX_POINT('',#3374);
#1127=VERTEX_POINT('',#3376);
#1128=VERTEX_POINT('',#3380);
#1129=VERTEX_POINT('',#3382);
#1130=VERTEX_POINT('',#3386);
#1131=VERTEX_POINT('',#3388);
#1132=VERTEX_POINT('',#3392);
#1133=VERTEX_POINT('',#3396);
#1134=VERTEX_POINT('',#3402);
#1135=VERTEX_POINT('',#3404);
#1136=VERTEX_POINT('',#3408);
#1137=VERTEX_POINT('',#3412);
#1138=VERTEX_POINT('',#3418);
#1139=VERTEX_POINT('',#3420);
#1140=VERTEX_POINT('',#3425);
#1141=VERTEX_POINT('',#3427);
#1142=VERTEX_POINT('',#3436);
#1143=VERTEX_POINT('',#3438);
#1144=VERTEX_POINT('',#3440);
#1145=VERTEX_POINT('',#3442);
#1146=VERTEX_POINT('',#3444);
#1147=VERTEX_POINT('',#3446);
#1148=VERTEX_POINT('',#3448);
#1149=VERTEX_POINT('',#3450);
#1150=VERTEX_POINT('',#3452);
#1151=VERTEX_POINT('',#3454);
#1152=VERTEX_POINT('',#3468);
#1153=VERTEX_POINT('',#3469);
#1154=VERTEX_POINT('',#3471);
#1155=VERTEX_POINT('',#3473);
#1156=VERTEX_POINT('',#3476);
#1157=VERTEX_POINT('',#3477);
#1158=VERTEX_POINT('',#3479);
#1159=VERTEX_POINT('',#3481);
#1160=VERTEX_POINT('',#3485);
#1161=VERTEX_POINT('',#3487);
#1162=VERTEX_POINT('',#3491);
#1163=VERTEX_POINT('',#3493);
#1164=VERTEX_POINT('',#3497);
#1165=VERTEX_POINT('',#3499);
#1166=VERTEX_POINT('',#3502);
#1167=VERTEX_POINT('',#3503);
#1168=VERTEX_POINT('',#3505);
#1169=VERTEX_POINT('',#3507);
#1170=VERTEX_POINT('',#3516);
#1171=VERTEX_POINT('',#3518);
#1172=VERTEX_POINT('',#3522);
#1173=VERTEX_POINT('',#3526);
#1174=VERTEX_POINT('',#3533);
#1175=VERTEX_POINT('',#3535);
#1176=VERTEX_POINT('',#3539);
#1177=VERTEX_POINT('',#3543);
#1178=VERTEX_POINT('',#3550);
#1179=VERTEX_POINT('',#3551);
#1180=VERTEX_POINT('',#3553);
#1181=VERTEX_POINT('',#3555);
#1182=VERTEX_POINT('',#3559);
#1183=VERTEX_POINT('',#3561);
#1184=VERTEX_POINT('',#3565);
#1185=VERTEX_POINT('',#3567);
#1186=VERTEX_POINT('',#3571);
#1187=VERTEX_POINT('',#3572);
#1188=VERTEX_POINT('',#3574);
#1189=VERTEX_POINT('',#3576);
#1190=EDGE_CURVE('',#994,#994,#972,.T.);
#1191=EDGE_CURVE('',#994,#995,#416,.T.);
#1192=EDGE_CURVE('',#995,#996,#973,.T.);
#1193=EDGE_CURVE('',#996,#997,#417,.T.);
#1194=EDGE_CURVE('',#997,#998,#974,.T.);
#1195=EDGE_CURVE('',#998,#999,#418,.T.);
#1196=EDGE_CURVE('',#999,#1000,#975,.T.);
#1197=EDGE_CURVE('',#1000,#1001,#419,.T.);
#1198=EDGE_CURVE('',#1001,#1002,#976,.T.);
#1199=EDGE_CURVE('',#1002,#1003,#420,.T.);
#1200=EDGE_CURVE('',#1003,#995,#977,.T.);
#1201=EDGE_CURVE('',#999,#1000,#421,.T.);
#1202=EDGE_CURVE('',#1003,#996,#422,.T.);
#1203=EDGE_CURVE('',#1001,#998,#423,.T.);
#1204=EDGE_CURVE('',#997,#1002,#424,.T.);
#1205=EDGE_CURVE('',#1004,#1005,#425,.T.);
#1206=EDGE_CURVE('',#1006,#1005,#426,.T.);
#1207=EDGE_CURVE('',#1007,#1006,#427,.T.);
#1208=EDGE_CURVE('',#1007,#1004,#428,.T.);
#1209=EDGE_CURVE('',#1008,#1009,#429,.T.);
#1210=EDGE_CURVE('',#1010,#1008,#430,.T.);
#1211=EDGE_CURVE('',#1011,#1010,#431,.T.);
#1212=EDGE_CURVE('',#1009,#1011,#432,.T.);
#1213=EDGE_CURVE('',#1005,#1012,#433,.T.);
#1214=EDGE_CURVE('',#1013,#1012,#434,.T.);
#1215=EDGE_CURVE('',#1006,#1013,#435,.T.);
#1216=EDGE_CURVE('',#1012,#1014,#436,.T.);
#1217=EDGE_CURVE('',#1015,#1014,#437,.T.);
#1218=EDGE_CURVE('',#1013,#1015,#438,.T.);
#1219=EDGE_CURVE('',#1014,#1016,#439,.T.);
#1220=EDGE_CURVE('',#1017,#1016,#440,.T.);
#1221=EDGE_CURVE('',#1015,#1017,#441,.T.);
#1222=EDGE_CURVE('',#1018,#1019,#442,.T.);
#1223=EDGE_CURVE('',#1020,#1018,#443,.T.);
#1224=EDGE_CURVE('',#1021,#1020,#444,.T.);
#1225=EDGE_CURVE('',#1019,#1021,#445,.T.);
#1226=EDGE_CURVE('',#1016,#1004,#446,.T.);
#1227=EDGE_CURVE('',#1017,#1007,#447,.T.);
#1228=EDGE_CURVE('',#1022,#1018,#448,.T.);
#1229=EDGE_CURVE('',#1023,#1022,#449,.T.);
#1230=EDGE_CURVE('',#1023,#1020,#450,.T.);
#1231=EDGE_CURVE('',#1024,#1023,#451,.T.);
#1232=EDGE_CURVE('',#1024,#1021,#452,.T.);
#1233=EDGE_CURVE('',#1025,#1024,#453,.T.);
#1234=EDGE_CURVE('',#1025,#1019,#454,.T.);
#1235=EDGE_CURVE('',#1022,#1025,#455,.T.);
#1236=EDGE_CURVE('',#1026,#1009,#456,.T.);
#1237=EDGE_CURVE('',#1027,#1026,#457,.T.);
#1238=EDGE_CURVE('',#1027,#1008,#458,.T.);
#1239=EDGE_CURVE('',#1028,#1011,#459,.T.);
#1240=EDGE_CURVE('',#1026,#1028,#460,.T.);
#1241=EDGE_CURVE('',#1029,#1010,#461,.T.);
#1242=EDGE_CURVE('',#1028,#1029,#462,.T.);
#1243=EDGE_CURVE('',#1029,#1027,#463,.T.);
#1244=EDGE_CURVE('',#1030,#1031,#464,.T.);
#1245=EDGE_CURVE('',#1030,#1032,#465,.T.);
#1246=EDGE_CURVE('',#1032,#1033,#466,.T.);
#1247=EDGE_CURVE('',#1031,#1033,#467,.T.);
#1248=EDGE_CURVE('',#1033,#1034,#468,.T.);
#1249=EDGE_CURVE('',#1035,#1034,#469,.T.);
#1250=EDGE_CURVE('',#1031,#1035,#470,.T.);
#1251=EDGE_CURVE('',#1034,#1036,#471,.T.);
#1252=EDGE_CURVE('',#1036,#1037,#472,.T.);
#1253=EDGE_CURVE('',#1035,#1037,#473,.T.);
#1254=EDGE_CURVE('',#1038,#1039,#474,.T.);
#1255=EDGE_CURVE('',#1038,#1040,#475,.T.);
#1256=EDGE_CURVE('',#1040,#1041,#476,.T.);
#1257=EDGE_CURVE('',#1041,#1039,#477,.T.);
#1258=EDGE_CURVE('',#1037,#1038,#478,.T.);
#1259=EDGE_CURVE('',#1039,#1030,#479,.T.);
#1260=EDGE_CURVE('',#1040,#1036,#480,.T.);
#1261=EDGE_CURVE('',#1032,#1041,#481,.T.);
#1262=EDGE_CURVE('',#1042,#1043,#482,.T.);
#1263=EDGE_CURVE('',#1043,#1044,#483,.T.);
#1264=EDGE_CURVE('',#1044,#1045,#484,.T.);
#1265=EDGE_CURVE('',#1042,#1045,#485,.T.);
#1266=EDGE_CURVE('',#1044,#1046,#486,.T.);
#1267=EDGE_CURVE('',#1046,#1047,#487,.T.);
#1268=EDGE_CURVE('',#1048,#1047,#488,.T.);
#1269=EDGE_CURVE('',#1049,#1048,#489,.T.);
#1270=EDGE_CURVE('',#1049,#1045,#490,.T.);
#1271=EDGE_CURVE('',#1050,#1042,#491,.T.);
#1272=EDGE_CURVE('',#1051,#1050,#492,.T.);
#1273=EDGE_CURVE('',#1052,#1051,#493,.T.);
#1274=EDGE_CURVE('',#1053,#1052,#494,.T.);
#1275=EDGE_CURVE('',#1053,#1043,#495,.T.);
#1276=EDGE_CURVE('',#1053,#1054,#496,.T.);
#1277=EDGE_CURVE('',#1054,#1046,#497,.T.);
#1278=EDGE_CURVE('',#1052,#1055,#498,.T.);
#1279=EDGE_CURVE('',#1055,#1054,#499,.T.);
#1280=EDGE_CURVE('',#1056,#1057,#500,.T.);
#1281=EDGE_CURVE('',#1057,#1058,#501,.T.);
#1282=EDGE_CURVE('',#1058,#1059,#502,.T.);
#1283=EDGE_CURVE('',#1056,#1059,#503,.T.);
#1284=EDGE_CURVE('',#1058,#1060,#504,.T.);
#1285=EDGE_CURVE('',#1060,#1061,#505,.T.);
#1286=EDGE_CURVE('',#1062,#1061,#506,.T.);
#1287=EDGE_CURVE('',#1063,#1062,#507,.T.);
#1288=EDGE_CURVE('',#1063,#1059,#508,.T.);
#1289=EDGE_CURVE('',#1064,#1056,#509,.T.);
#1290=EDGE_CURVE('',#1065,#1064,#510,.T.);
#1291=EDGE_CURVE('',#1066,#1065,#511,.T.);
#1292=EDGE_CURVE('',#1067,#1066,#512,.T.);
#1293=EDGE_CURVE('',#1067,#1057,#513,.T.);
#1294=EDGE_CURVE('',#1067,#1068,#514,.T.);
#1295=EDGE_CURVE('',#1068,#1060,#515,.T.);
#1296=EDGE_CURVE('',#1066,#1069,#516,.T.);
#1297=EDGE_CURVE('',#1069,#1068,#517,.T.);
#1298=EDGE_CURVE('',#1065,#1062,#518,.T.);
#1299=EDGE_CURVE('',#1064,#1063,#519,.T.);
#1300=EDGE_CURVE('',#1051,#1048,#520,.T.);
#1301=EDGE_CURVE('',#1050,#1049,#521,.T.);
#1302=EDGE_CURVE('',#1061,#1069,#522,.T.);
#1303=EDGE_CURVE('',#1047,#1055,#523,.T.);
#1304=EDGE_CURVE('',#1070,#1071,#524,.T.);
#1305=EDGE_CURVE('',#1070,#1072,#525,.T.);
#1306=EDGE_CURVE('',#1073,#1072,#526,.T.);
#1307=EDGE_CURVE('',#1074,#1073,#527,.T.);
#1308=EDGE_CURVE('',#1071,#1074,#528,.T.);
#1309=EDGE_CURVE('',#1075,#1073,#529,.T.);
#1310=EDGE_CURVE('',#1076,#1075,#530,.T.);
#1311=EDGE_CURVE('',#1074,#1076,#531,.T.);
#1312=EDGE_CURVE('',#1077,#1078,#532,.T.);
#1313=EDGE_CURVE('',#1076,#1078,#533,.T.);
#1314=EDGE_CURVE('',#1075,#1079,#534,.T.);
#1315=EDGE_CURVE('',#1077,#1079,#535,.T.);
#1316=EDGE_CURVE('',#1077,#1070,#536,.T.);
#1317=EDGE_CURVE('',#1079,#1072,#537,.T.);
#1318=EDGE_CURVE('',#1050,#1080,#538,.T.);
#1319=EDGE_CURVE('',#1081,#1042,#539,.T.);
#1320=EDGE_CURVE('',#1080,#1081,#540,.T.);
#1321=EDGE_CURVE('',#1082,#1082,#978,.T.);
#1322=EDGE_CURVE('',#1083,#1083,#979,.T.);
#1323=EDGE_CURVE('',#1084,#1071,#541,.T.);
#1324=EDGE_CURVE('',#1085,#1084,#542,.T.);
#1325=EDGE_CURVE('',#1078,#1085,#543,.T.);
#1326=EDGE_CURVE('',#1085,#1086,#544,.T.);
#1327=EDGE_CURVE('',#1087,#1086,#545,.T.);
#1328=EDGE_CURVE('',#1084,#1087,#546,.T.);
#1329=EDGE_CURVE('',#1045,#1088,#547,.T.);
#1330=EDGE_CURVE('',#1081,#1088,#548,.T.);
#1331=EDGE_CURVE('',#1089,#1088,#549,.T.);
#1332=EDGE_CURVE('',#1080,#1089,#550,.T.);
#1333=EDGE_CURVE('',#1089,#1049,#551,.T.);
#1334=EDGE_CURVE('',#1086,#1090,#552,.T.);
#1335=EDGE_CURVE('',#1091,#1090,#553,.T.);
#1336=EDGE_CURVE('',#1087,#1091,#554,.T.);
#1337=EDGE_CURVE('',#1082,#1092,#555,.T.);
#1338=EDGE_CURVE('',#1092,#1092,#980,.T.);
#1339=EDGE_CURVE('',#1083,#1093,#556,.T.);
#1340=EDGE_CURVE('',#1093,#1093,#981,.T.);
#1341=EDGE_CURVE('',#1094,#1095,#557,.T.);
#1342=EDGE_CURVE('',#1095,#1084,#558,.T.);
#1343=EDGE_CURVE('',#1091,#1094,#559,.T.);
#1344=EDGE_CURVE('',#1096,#1085,#560,.T.);
#1345=EDGE_CURVE('',#1095,#1096,#561,.T.);
#1346=EDGE_CURVE('',#1097,#1096,#562,.T.);
#1347=EDGE_CURVE('',#1090,#1097,#563,.T.);
#1348=EDGE_CURVE('',#1098,#1099,#564,.T.);
#1349=EDGE_CURVE('',#1099,#1100,#565,.T.);
#1350=EDGE_CURVE('',#1100,#1101,#566,.T.);
#1351=EDGE_CURVE('',#1101,#1102,#567,.T.);
#1352=EDGE_CURVE('',#1102,#1098,#568,.T.);
#1353=EDGE_CURVE('',#1103,#1104,#569,.T.);
#1354=EDGE_CURVE('',#1102,#1104,#570,.T.);
#1355=EDGE_CURVE('',#1101,#1103,#571,.T.);
#1356=EDGE_CURVE('',#1105,#1106,#572,.T.);
#1357=EDGE_CURVE('',#1107,#1105,#573,.T.);
#1358=EDGE_CURVE('',#1104,#1107,#574,.T.);
#1359=EDGE_CURVE('',#1106,#1103,#575,.T.);
#1360=EDGE_CURVE('',#1106,#1100,#576,.T.);
#1361=EDGE_CURVE('',#1099,#1105,#577,.T.);
#1362=EDGE_CURVE('',#1107,#1108,#578,.T.);
#1363=EDGE_CURVE('',#1108,#1109,#579,.T.);
#1364=EDGE_CURVE('',#1109,#1110,#580,.T.);
#1365=EDGE_CURVE('',#1111,#1110,#581,.T.);
#1366=EDGE_CURVE('',#1111,#1094,#582,.T.);
#1367=EDGE_CURVE('',#1097,#1098,#583,.T.);
#1368=EDGE_CURVE('',#1112,#1113,#584,.T.);
#1369=EDGE_CURVE('',#1112,#1114,#585,.T.);
#1370=EDGE_CURVE('',#1114,#1115,#586,.T.);
#1371=EDGE_CURVE('',#1113,#1115,#587,.T.);
#1372=EDGE_CURVE('',#1115,#1116,#588,.T.);
#1373=EDGE_CURVE('',#1116,#1117,#589,.T.);
#1374=EDGE_CURVE('',#1113,#1117,#590,.T.);
#1375=EDGE_CURVE('',#1117,#1118,#982,.T.);
#1376=EDGE_CURVE('',#1119,#1116,#983,.T.);
#1377=EDGE_CURVE('',#1118,#1119,#591,.T.);
#1378=EDGE_CURVE('',#1119,#1120,#592,.T.);
#1379=EDGE_CURVE('',#1120,#1121,#593,.T.);
#1380=EDGE_CURVE('',#1121,#1118,#594,.T.);
#1381=EDGE_CURVE('',#1121,#1122,#984,.T.);
#1382=EDGE_CURVE('',#1123,#1120,#985,.T.);
#1383=EDGE_CURVE('',#1122,#1123,#595,.T.);
#1384=EDGE_CURVE('',#1122,#1111,#596,.T.);
#1385=EDGE_CURVE('',#1123,#1108,#597,.T.);
#1386=EDGE_CURVE('',#1100,#1124,#598,.T.);
#1387=EDGE_CURVE('',#1124,#1125,#599,.T.);
#1388=EDGE_CURVE('',#1125,#1126,#600,.T.);
#1389=EDGE_CURVE('',#1126,#1127,#601,.T.);
#1390=EDGE_CURVE('',#1127,#1106,#602,.T.);
#1391=EDGE_CURVE('',#1128,#1124,#603,.T.);
#1392=EDGE_CURVE('',#1129,#1127,#604,.T.);
#1393=EDGE_CURVE('',#1129,#1128,#605,.T.);
#1394=EDGE_CURVE('',#1130,#1109,#606,.T.);
#1395=EDGE_CURVE('',#1131,#1130,#607,.T.);
#1396=EDGE_CURVE('',#1110,#1131,#608,.T.);
#1397=EDGE_CURVE('',#1132,#1131,#609,.T.);
#1398=EDGE_CURVE('',#1132,#1112,#986,.T.);
#1399=EDGE_CURVE('',#1133,#1132,#610,.T.);
#1400=EDGE_CURVE('',#1114,#1133,#987,.T.);
#1401=EDGE_CURVE('',#1133,#1130,#611,.T.);
#1402=EDGE_CURVE('',#1128,#1134,#612,.T.);
#1403=EDGE_CURVE('',#1135,#1134,#613,.T.);
#1404=EDGE_CURVE('',#1125,#1135,#614,.T.);
#1405=EDGE_CURVE('',#1136,#1135,#615,.T.);
#1406=EDGE_CURVE('',#1126,#1136,#616,.T.);
#1407=EDGE_CURVE('',#1136,#1137,#617,.T.);
#1408=EDGE_CURVE('',#1129,#1137,#618,.T.);
#1409=EDGE_CURVE('',#1137,#1134,#619,.T.);
#1410=EDGE_CURVE('',#1138,#1063,#620,.T.);
#1411=EDGE_CURVE('',#1138,#1139,#621,.T.);
#1412=EDGE_CURVE('',#1059,#1139,#622,.T.);
#1413=EDGE_CURVE('',#1140,#1138,#623,.T.);
#1414=EDGE_CURVE('',#1140,#1141,#624,.T.);
#1415=EDGE_CURVE('',#1141,#1139,#625,.T.);
#1416=EDGE_CURVE('',#1064,#1140,#626,.T.);
#1417=EDGE_CURVE('',#1141,#1056,#627,.T.);
#1418=EDGE_CURVE('',#1142,#1142,#988,.T.);
#1419=EDGE_CURVE('',#1142,#1143,#628,.T.);
#1420=EDGE_CURVE('',#1143,#1144,#989,.T.);
#1421=EDGE_CURVE('',#1144,#1145,#629,.T.);
#1422=EDGE_CURVE('',#1145,#1146,#990,.T.);
#1423=EDGE_CURVE('',#1146,#1147,#630,.T.);
#1424=EDGE_CURVE('',#1147,#1148,#991,.T.);
#1425=EDGE_CURVE('',#1148,#1149,#631,.T.);
#1426=EDGE_CURVE('',#1149,#1150,#992,.T.);
#1427=EDGE_CURVE('',#1150,#1151,#632,.T.);
#1428=EDGE_CURVE('',#1151,#1143,#993,.T.);
#1429=EDGE_CURVE('',#1147,#1148,#633,.T.);
#1430=EDGE_CURVE('',#1151,#1144,#634,.T.);
#1431=EDGE_CURVE('',#1149,#1146,#635,.T.);
#1432=EDGE_CURVE('',#1145,#1150,#636,.T.);
#1433=EDGE_CURVE('',#1152,#1153,#637,.T.);
#1434=EDGE_CURVE('',#1154,#1153,#638,.T.);
#1435=EDGE_CURVE('',#1155,#1154,#639,.T.);
#1436=EDGE_CURVE('',#1155,#1152,#640,.T.);
#1437=EDGE_CURVE('',#1156,#1157,#641,.T.);
#1438=EDGE_CURVE('',#1158,#1156,#642,.T.);
#1439=EDGE_CURVE('',#1159,#1158,#643,.T.);
#1440=EDGE_CURVE('',#1157,#1159,#644,.T.);
#1441=EDGE_CURVE('',#1153,#1160,#645,.T.);
#1442=EDGE_CURVE('',#1161,#1160,#646,.T.);
#1443=EDGE_CURVE('',#1154,#1161,#647,.T.);
#1444=EDGE_CURVE('',#1160,#1162,#648,.T.);
#1445=EDGE_CURVE('',#1163,#1162,#649,.T.);
#1446=EDGE_CURVE('',#1161,#1163,#650,.T.);
#1447=EDGE_CURVE('',#1162,#1164,#651,.T.);
#1448=EDGE_CURVE('',#1165,#1164,#652,.T.);
#1449=EDGE_CURVE('',#1163,#1165,#653,.T.);
#1450=EDGE_CURVE('',#1166,#1167,#654,.T.);
#1451=EDGE_CURVE('',#1168,#1166,#655,.T.);
#1452=EDGE_CURVE('',#1169,#1168,#656,.T.);
#1453=EDGE_CURVE('',#1167,#1169,#657,.T.);
#1454=EDGE_CURVE('',#1164,#1152,#658,.T.);
#1455=EDGE_CURVE('',#1165,#1155,#659,.T.);
#1456=EDGE_CURVE('',#1170,#1166,#660,.T.);
#1457=EDGE_CURVE('',#1171,#1170,#661,.T.);
#1458=EDGE_CURVE('',#1171,#1168,#662,.T.);
#1459=EDGE_CURVE('',#1172,#1171,#663,.T.);
#1460=EDGE_CURVE('',#1172,#1169,#664,.T.);
#1461=EDGE_CURVE('',#1173,#1172,#665,.T.);
#1462=EDGE_CURVE('',#1173,#1167,#666,.T.);
#1463=EDGE_CURVE('',#1170,#1173,#667,.T.);
#1464=EDGE_CURVE('',#1174,#1157,#668,.T.);
#1465=EDGE_CURVE('',#1175,#1174,#669,.T.);
#1466=EDGE_CURVE('',#1175,#1156,#670,.T.);
#1467=EDGE_CURVE('',#1176,#1159,#671,.T.);
#1468=EDGE_CURVE('',#1174,#1176,#672,.T.);
#1469=EDGE_CURVE('',#1177,#1158,#673,.T.);
#1470=EDGE_CURVE('',#1176,#1177,#674,.T.);
#1471=EDGE_CURVE('',#1177,#1175,#675,.T.);
#1472=EDGE_CURVE('',#1178,#1179,#676,.T.);
#1473=EDGE_CURVE('',#1178,#1180,#677,.T.);
#1474=EDGE_CURVE('',#1180,#1181,#678,.T.);
#1475=EDGE_CURVE('',#1179,#1181,#679,.T.);
#1476=EDGE_CURVE('',#1181,#1182,#680,.T.);
#1477=EDGE_CURVE('',#1183,#1182,#681,.T.);
#1478=EDGE_CURVE('',#1179,#1183,#682,.T.);
#1479=EDGE_CURVE('',#1182,#1184,#683,.T.);
#1480=EDGE_CURVE('',#1184,#1185,#684,.T.);
#1481=EDGE_CURVE('',#1183,#1185,#685,.T.);
#1482=EDGE_CURVE('',#1186,#1187,#686,.T.);
#1483=EDGE_CURVE('',#1186,#1188,#687,.T.);
#1484=EDGE_CURVE('',#1188,#1189,#688,.T.);
#1485=EDGE_CURVE('',#1189,#1187,#689,.T.);
#1486=EDGE_CURVE('',#1185,#1186,#690,.T.);
#1487=EDGE_CURVE('',#1187,#1178,#691,.T.);
#1488=EDGE_CURVE('',#1188,#1184,#692,.T.);
#1489=EDGE_CURVE('',#1180,#1189,#693,.T.);
#1490=ORIENTED_EDGE('',*,*,#1190,.T.);
#1491=ORIENTED_EDGE('',*,*,#1191,.T.);
#1492=ORIENTED_EDGE('',*,*,#1192,.T.);
#1493=ORIENTED_EDGE('',*,*,#1193,.T.);
#1494=ORIENTED_EDGE('',*,*,#1194,.T.);
#1495=ORIENTED_EDGE('',*,*,#1195,.T.);
#1496=ORIENTED_EDGE('',*,*,#1196,.T.);
#1497=ORIENTED_EDGE('',*,*,#1197,.T.);
#1498=ORIENTED_EDGE('',*,*,#1198,.T.);
#1499=ORIENTED_EDGE('',*,*,#1199,.T.);
#1500=ORIENTED_EDGE('',*,*,#1200,.T.);
#1501=ORIENTED_EDGE('',*,*,#1191,.F.);
#1502=ORIENTED_EDGE('',*,*,#1196,.F.);
#1503=ORIENTED_EDGE('',*,*,#1201,.T.);
#1504=ORIENTED_EDGE('',*,*,#1190,.F.);
#1505=ORIENTED_EDGE('',*,*,#1200,.F.);
#1506=ORIENTED_EDGE('',*,*,#1202,.T.);
#1507=ORIENTED_EDGE('',*,*,#1192,.F.);
#1508=ORIENTED_EDGE('',*,*,#1203,.T.);
#1509=ORIENTED_EDGE('',*,*,#1194,.F.);
#1510=ORIENTED_EDGE('',*,*,#1204,.T.);
#1511=ORIENTED_EDGE('',*,*,#1198,.F.);
#1512=ORIENTED_EDGE('',*,*,#1201,.F.);
#1513=ORIENTED_EDGE('',*,*,#1195,.F.);
#1514=ORIENTED_EDGE('',*,*,#1203,.F.);
#1515=ORIENTED_EDGE('',*,*,#1197,.F.);
#1516=ORIENTED_EDGE('',*,*,#1202,.F.);
#1517=ORIENTED_EDGE('',*,*,#1199,.F.);
#1518=ORIENTED_EDGE('',*,*,#1204,.F.);
#1519=ORIENTED_EDGE('',*,*,#1193,.F.);
#1520=ORIENTED_EDGE('',*,*,#1205,.T.);
#1521=ORIENTED_EDGE('',*,*,#1206,.F.);
#1522=ORIENTED_EDGE('',*,*,#1207,.F.);
#1523=ORIENTED_EDGE('',*,*,#1208,.T.);
#1524=ORIENTED_EDGE('',*,*,#1209,.F.);
#1525=ORIENTED_EDGE('',*,*,#1210,.F.);
#1526=ORIENTED_EDGE('',*,*,#1211,.F.);
#1527=ORIENTED_EDGE('',*,*,#1212,.F.);
#1528=ORIENTED_EDGE('',*,*,#1213,.T.);
#1529=ORIENTED_EDGE('',*,*,#1214,.F.);
#1530=ORIENTED_EDGE('',*,*,#1215,.F.);
#1531=ORIENTED_EDGE('',*,*,#1206,.T.);
#1532=ORIENTED_EDGE('',*,*,#1216,.T.);
#1533=ORIENTED_EDGE('',*,*,#1217,.F.);
#1534=ORIENTED_EDGE('',*,*,#1218,.F.);
#1535=ORIENTED_EDGE('',*,*,#1214,.T.);
#1536=ORIENTED_EDGE('',*,*,#1219,.T.);
#1537=ORIENTED_EDGE('',*,*,#1220,.F.);
#1538=ORIENTED_EDGE('',*,*,#1221,.F.);
#1539=ORIENTED_EDGE('',*,*,#1217,.T.);
#1540=ORIENTED_EDGE('',*,*,#1222,.F.);
#1541=ORIENTED_EDGE('',*,*,#1223,.F.);
#1542=ORIENTED_EDGE('',*,*,#1224,.F.);
#1543=ORIENTED_EDGE('',*,*,#1225,.F.);
#1544=ORIENTED_EDGE('',*,*,#1226,.T.);
#1545=ORIENTED_EDGE('',*,*,#1208,.F.);
#1546=ORIENTED_EDGE('',*,*,#1227,.F.);
#1547=ORIENTED_EDGE('',*,*,#1220,.T.);
#1548=ORIENTED_EDGE('',*,*,#1207,.T.);
#1549=ORIENTED_EDGE('',*,*,#1215,.T.);
#1550=ORIENTED_EDGE('',*,*,#1218,.T.);
#1551=ORIENTED_EDGE('',*,*,#1221,.T.);
#1552=ORIENTED_EDGE('',*,*,#1227,.T.);
#1553=ORIENTED_EDGE('',*,*,#1205,.F.);
#1554=ORIENTED_EDGE('',*,*,#1226,.F.);
#1555=ORIENTED_EDGE('',*,*,#1219,.F.);
#1556=ORIENTED_EDGE('',*,*,#1216,.F.);
#1557=ORIENTED_EDGE('',*,*,#1213,.F.);
#1558=ORIENTED_EDGE('',*,*,#1223,.T.);
#1559=ORIENTED_EDGE('',*,*,#1228,.F.);
#1560=ORIENTED_EDGE('',*,*,#1229,.F.);
#1561=ORIENTED_EDGE('',*,*,#1230,.T.);
#1562=ORIENTED_EDGE('',*,*,#1224,.T.);
#1563=ORIENTED_EDGE('',*,*,#1230,.F.);
#1564=ORIENTED_EDGE('',*,*,#1231,.F.);
#1565=ORIENTED_EDGE('',*,*,#1232,.T.);
#1566=ORIENTED_EDGE('',*,*,#1225,.T.);
#1567=ORIENTED_EDGE('',*,*,#1232,.F.);
#1568=ORIENTED_EDGE('',*,*,#1233,.F.);
#1569=ORIENTED_EDGE('',*,*,#1234,.T.);
#1570=ORIENTED_EDGE('',*,*,#1222,.T.);
#1571=ORIENTED_EDGE('',*,*,#1234,.F.);
#1572=ORIENTED_EDGE('',*,*,#1235,.F.);
#1573=ORIENTED_EDGE('',*,*,#1228,.T.);
#1574=ORIENTED_EDGE('',*,*,#1229,.T.);
#1575=ORIENTED_EDGE('',*,*,#1235,.T.);
#1576=ORIENTED_EDGE('',*,*,#1233,.T.);
#1577=ORIENTED_EDGE('',*,*,#1231,.T.);
#1578=ORIENTED_EDGE('',*,*,#1209,.T.);
#1579=ORIENTED_EDGE('',*,*,#1236,.F.);
#1580=ORIENTED_EDGE('',*,*,#1237,.F.);
#1581=ORIENTED_EDGE('',*,*,#1238,.T.);
#1582=ORIENTED_EDGE('',*,*,#1212,.T.);
#1583=ORIENTED_EDGE('',*,*,#1239,.F.);
#1584=ORIENTED_EDGE('',*,*,#1240,.F.);
#1585=ORIENTED_EDGE('',*,*,#1236,.T.);
#1586=ORIENTED_EDGE('',*,*,#1211,.T.);
#1587=ORIENTED_EDGE('',*,*,#1241,.F.);
#1588=ORIENTED_EDGE('',*,*,#1242,.F.);
#1589=ORIENTED_EDGE('',*,*,#1239,.T.);
#1590=ORIENTED_EDGE('',*,*,#1210,.T.);
#1591=ORIENTED_EDGE('',*,*,#1238,.F.);
#1592=ORIENTED_EDGE('',*,*,#1243,.F.);
#1593=ORIENTED_EDGE('',*,*,#1241,.T.);
#1594=ORIENTED_EDGE('',*,*,#1237,.T.);
#1595=ORIENTED_EDGE('',*,*,#1240,.T.);
#1596=ORIENTED_EDGE('',*,*,#1242,.T.);
#1597=ORIENTED_EDGE('',*,*,#1243,.T.);
#1598=ORIENTED_EDGE('',*,*,#1244,.F.);
#1599=ORIENTED_EDGE('',*,*,#1245,.T.);
#1600=ORIENTED_EDGE('',*,*,#1246,.T.);
#1601=ORIENTED_EDGE('',*,*,#1247,.F.);
#1602=ORIENTED_EDGE('',*,*,#1248,.T.);
#1603=ORIENTED_EDGE('',*,*,#1249,.F.);
#1604=ORIENTED_EDGE('',*,*,#1250,.F.);
#1605=ORIENTED_EDGE('',*,*,#1247,.T.);
#1606=ORIENTED_EDGE('',*,*,#1251,.T.);
#1607=ORIENTED_EDGE('',*,*,#1252,.T.);
#1608=ORIENTED_EDGE('',*,*,#1253,.F.);
#1609=ORIENTED_EDGE('',*,*,#1249,.T.);
#1610=ORIENTED_EDGE('',*,*,#1254,.F.);
#1611=ORIENTED_EDGE('',*,*,#1255,.T.);
#1612=ORIENTED_EDGE('',*,*,#1256,.T.);
#1613=ORIENTED_EDGE('',*,*,#1257,.T.);
#1614=ORIENTED_EDGE('',*,*,#1253,.T.);
#1615=ORIENTED_EDGE('',*,*,#1258,.T.);
#1616=ORIENTED_EDGE('',*,*,#1254,.T.);
#1617=ORIENTED_EDGE('',*,*,#1259,.T.);
#1618=ORIENTED_EDGE('',*,*,#1244,.T.);
#1619=ORIENTED_EDGE('',*,*,#1250,.T.);
#1620=ORIENTED_EDGE('',*,*,#1256,.F.);
#1621=ORIENTED_EDGE('',*,*,#1260,.T.);
#1622=ORIENTED_EDGE('',*,*,#1251,.F.);
#1623=ORIENTED_EDGE('',*,*,#1248,.F.);
#1624=ORIENTED_EDGE('',*,*,#1246,.F.);
#1625=ORIENTED_EDGE('',*,*,#1261,.T.);
#1626=ORIENTED_EDGE('',*,*,#1258,.F.);
#1627=ORIENTED_EDGE('',*,*,#1252,.F.);
#1628=ORIENTED_EDGE('',*,*,#1260,.F.);
#1629=ORIENTED_EDGE('',*,*,#1255,.F.);
#1630=ORIENTED_EDGE('',*,*,#1259,.F.);
#1631=ORIENTED_EDGE('',*,*,#1257,.F.);
#1632=ORIENTED_EDGE('',*,*,#1261,.F.);
#1633=ORIENTED_EDGE('',*,*,#1245,.F.);
#1634=ORIENTED_EDGE('',*,*,#1262,.T.);
#1635=ORIENTED_EDGE('',*,*,#1263,.T.);
#1636=ORIENTED_EDGE('',*,*,#1264,.T.);
#1637=ORIENTED_EDGE('',*,*,#1265,.F.);
#1638=ORIENTED_EDGE('',*,*,#1264,.F.);
#1639=ORIENTED_EDGE('',*,*,#1266,.T.);
#1640=ORIENTED_EDGE('',*,*,#1267,.T.);
#1641=ORIENTED_EDGE('',*,*,#1268,.F.);
#1642=ORIENTED_EDGE('',*,*,#1269,.F.);
#1643=ORIENTED_EDGE('',*,*,#1270,.T.);
#1644=ORIENTED_EDGE('',*,*,#1262,.F.);
#1645=ORIENTED_EDGE('',*,*,#1271,.F.);
#1646=ORIENTED_EDGE('',*,*,#1272,.F.);
#1647=ORIENTED_EDGE('',*,*,#1273,.F.);
#1648=ORIENTED_EDGE('',*,*,#1274,.F.);
#1649=ORIENTED_EDGE('',*,*,#1275,.T.);
#1650=ORIENTED_EDGE('',*,*,#1275,.F.);
#1651=ORIENTED_EDGE('',*,*,#1276,.T.);
#1652=ORIENTED_EDGE('',*,*,#1277,.T.);
#1653=ORIENTED_EDGE('',*,*,#1266,.F.);
#1654=ORIENTED_EDGE('',*,*,#1263,.F.);
#1655=ORIENTED_EDGE('',*,*,#1274,.T.);
#1656=ORIENTED_EDGE('',*,*,#1278,.T.);
#1657=ORIENTED_EDGE('',*,*,#1279,.T.);
#1658=ORIENTED_EDGE('',*,*,#1276,.F.);
#1659=ORIENTED_EDGE('',*,*,#1280,.T.);
#1660=ORIENTED_EDGE('',*,*,#1281,.T.);
#1661=ORIENTED_EDGE('',*,*,#1282,.T.);
#1662=ORIENTED_EDGE('',*,*,#1283,.F.);
#1663=ORIENTED_EDGE('',*,*,#1282,.F.);
#1664=ORIENTED_EDGE('',*,*,#1284,.T.);
#1665=ORIENTED_EDGE('',*,*,#1285,.T.);
#1666=ORIENTED_EDGE('',*,*,#1286,.F.);
#1667=ORIENTED_EDGE('',*,*,#1287,.F.);
#1668=ORIENTED_EDGE('',*,*,#1288,.T.);
#1669=ORIENTED_EDGE('',*,*,#1280,.F.);
#1670=ORIENTED_EDGE('',*,*,#1289,.F.);
#1671=ORIENTED_EDGE('',*,*,#1290,.F.);
#1672=ORIENTED_EDGE('',*,*,#1291,.F.);
#1673=ORIENTED_EDGE('',*,*,#1292,.F.);
#1674=ORIENTED_EDGE('',*,*,#1293,.T.);
#1675=ORIENTED_EDGE('',*,*,#1293,.F.);
#1676=ORIENTED_EDGE('',*,*,#1294,.T.);
#1677=ORIENTED_EDGE('',*,*,#1295,.T.);
#1678=ORIENTED_EDGE('',*,*,#1284,.F.);
#1679=ORIENTED_EDGE('',*,*,#1281,.F.);
#1680=ORIENTED_EDGE('',*,*,#1292,.T.);
#1681=ORIENTED_EDGE('',*,*,#1296,.T.);
#1682=ORIENTED_EDGE('',*,*,#1297,.T.);
#1683=ORIENTED_EDGE('',*,*,#1294,.F.);
#1684=ORIENTED_EDGE('',*,*,#1298,.F.);
#1685=ORIENTED_EDGE('',*,*,#1290,.T.);
#1686=ORIENTED_EDGE('',*,*,#1299,.T.);
#1687=ORIENTED_EDGE('',*,*,#1287,.T.);
#1688=ORIENTED_EDGE('',*,*,#1300,.F.);
#1689=ORIENTED_EDGE('',*,*,#1272,.T.);
#1690=ORIENTED_EDGE('',*,*,#1301,.T.);
#1691=ORIENTED_EDGE('',*,*,#1269,.T.);
#1692=ORIENTED_EDGE('',*,*,#1286,.T.);
#1693=ORIENTED_EDGE('',*,*,#1302,.T.);
#1694=ORIENTED_EDGE('',*,*,#1296,.F.);
#1695=ORIENTED_EDGE('',*,*,#1291,.T.);
#1696=ORIENTED_EDGE('',*,*,#1298,.T.);
#1697=ORIENTED_EDGE('',*,*,#1268,.T.);
#1698=ORIENTED_EDGE('',*,*,#1303,.T.);
#1699=ORIENTED_EDGE('',*,*,#1278,.F.);
#1700=ORIENTED_EDGE('',*,*,#1273,.T.);
#1701=ORIENTED_EDGE('',*,*,#1300,.T.);
#1702=ORIENTED_EDGE('',*,*,#1304,.F.);
#1703=ORIENTED_EDGE('',*,*,#1305,.T.);
#1704=ORIENTED_EDGE('',*,*,#1306,.F.);
#1705=ORIENTED_EDGE('',*,*,#1307,.F.);
#1706=ORIENTED_EDGE('',*,*,#1308,.F.);
#1707=ORIENTED_EDGE('',*,*,#1309,.F.);
#1708=ORIENTED_EDGE('',*,*,#1310,.F.);
#1709=ORIENTED_EDGE('',*,*,#1311,.F.);
#1710=ORIENTED_EDGE('',*,*,#1307,.T.);
#1711=ORIENTED_EDGE('',*,*,#1312,.T.);
#1712=ORIENTED_EDGE('',*,*,#1313,.F.);
#1713=ORIENTED_EDGE('',*,*,#1310,.T.);
#1714=ORIENTED_EDGE('',*,*,#1314,.T.);
#1715=ORIENTED_EDGE('',*,*,#1315,.F.);
#1716=ORIENTED_EDGE('',*,*,#1316,.F.);
#1717=ORIENTED_EDGE('',*,*,#1315,.T.);
#1718=ORIENTED_EDGE('',*,*,#1317,.T.);
#1719=ORIENTED_EDGE('',*,*,#1305,.F.);
#1720=ORIENTED_EDGE('',*,*,#1318,.F.);
#1721=ORIENTED_EDGE('',*,*,#1271,.T.);
#1722=ORIENTED_EDGE('',*,*,#1319,.F.);
#1723=ORIENTED_EDGE('',*,*,#1320,.F.);
#1724=ORIENTED_EDGE('',*,*,#1321,.T.);
#1725=ORIENTED_EDGE('',*,*,#1322,.T.);
#1726=ORIENTED_EDGE('',*,*,#1304,.T.);
#1727=ORIENTED_EDGE('',*,*,#1323,.F.);
#1728=ORIENTED_EDGE('',*,*,#1324,.F.);
#1729=ORIENTED_EDGE('',*,*,#1325,.F.);
#1730=ORIENTED_EDGE('',*,*,#1312,.F.);
#1731=ORIENTED_EDGE('',*,*,#1316,.T.);
#1732=ORIENTED_EDGE('',*,*,#1323,.T.);
#1733=ORIENTED_EDGE('',*,*,#1308,.T.);
#1734=ORIENTED_EDGE('',*,*,#1311,.T.);
#1735=ORIENTED_EDGE('',*,*,#1313,.T.);
#1736=ORIENTED_EDGE('',*,*,#1325,.T.);
#1737=ORIENTED_EDGE('',*,*,#1326,.T.);
#1738=ORIENTED_EDGE('',*,*,#1327,.F.);
#1739=ORIENTED_EDGE('',*,*,#1328,.F.);
#1740=ORIENTED_EDGE('',*,*,#1265,.T.);
#1741=ORIENTED_EDGE('',*,*,#1329,.T.);
#1742=ORIENTED_EDGE('',*,*,#1330,.F.);
#1743=ORIENTED_EDGE('',*,*,#1319,.T.);
#1744=ORIENTED_EDGE('',*,*,#1317,.F.);
#1745=ORIENTED_EDGE('',*,*,#1314,.F.);
#1746=ORIENTED_EDGE('',*,*,#1309,.T.);
#1747=ORIENTED_EDGE('',*,*,#1306,.T.);
#1748=ORIENTED_EDGE('',*,*,#1331,.F.);
#1749=ORIENTED_EDGE('',*,*,#1332,.F.);
#1750=ORIENTED_EDGE('',*,*,#1320,.T.);
#1751=ORIENTED_EDGE('',*,*,#1330,.T.);
#1752=ORIENTED_EDGE('',*,*,#1332,.T.);
#1753=ORIENTED_EDGE('',*,*,#1333,.T.);
#1754=ORIENTED_EDGE('',*,*,#1301,.F.);
#1755=ORIENTED_EDGE('',*,*,#1318,.T.);
#1756=ORIENTED_EDGE('',*,*,#1334,.T.);
#1757=ORIENTED_EDGE('',*,*,#1335,.F.);
#1758=ORIENTED_EDGE('',*,*,#1336,.F.);
#1759=ORIENTED_EDGE('',*,*,#1327,.T.);
#1760=ORIENTED_EDGE('',*,*,#1321,.F.);
#1761=ORIENTED_EDGE('',*,*,#1337,.T.);
#1762=ORIENTED_EDGE('',*,*,#1338,.T.);
#1763=ORIENTED_EDGE('',*,*,#1337,.F.);
#1764=ORIENTED_EDGE('',*,*,#1322,.F.);
#1765=ORIENTED_EDGE('',*,*,#1339,.T.);
#1766=ORIENTED_EDGE('',*,*,#1340,.T.);
#1767=ORIENTED_EDGE('',*,*,#1339,.F.);
#1768=ORIENTED_EDGE('',*,*,#1341,.T.);
#1769=ORIENTED_EDGE('',*,*,#1342,.T.);
#1770=ORIENTED_EDGE('',*,*,#1328,.T.);
#1771=ORIENTED_EDGE('',*,*,#1336,.T.);
#1772=ORIENTED_EDGE('',*,*,#1343,.T.);
#1773=ORIENTED_EDGE('',*,*,#1344,.T.);
#1774=ORIENTED_EDGE('',*,*,#1324,.T.);
#1775=ORIENTED_EDGE('',*,*,#1342,.F.);
#1776=ORIENTED_EDGE('',*,*,#1345,.T.);
#1777=ORIENTED_EDGE('',*,*,#1344,.F.);
#1778=ORIENTED_EDGE('',*,*,#1346,.F.);
#1779=ORIENTED_EDGE('',*,*,#1347,.F.);
#1780=ORIENTED_EDGE('',*,*,#1334,.F.);
#1781=ORIENTED_EDGE('',*,*,#1326,.F.);
#1782=ORIENTED_EDGE('',*,*,#1348,.T.);
#1783=ORIENTED_EDGE('',*,*,#1349,.T.);
#1784=ORIENTED_EDGE('',*,*,#1350,.T.);
#1785=ORIENTED_EDGE('',*,*,#1351,.T.);
#1786=ORIENTED_EDGE('',*,*,#1352,.T.);
#1787=ORIENTED_EDGE('',*,*,#1353,.T.);
#1788=ORIENTED_EDGE('',*,*,#1354,.F.);
#1789=ORIENTED_EDGE('',*,*,#1351,.F.);
#1790=ORIENTED_EDGE('',*,*,#1355,.T.);
#1791=ORIENTED_EDGE('',*,*,#1356,.F.);
#1792=ORIENTED_EDGE('',*,*,#1357,.F.);
#1793=ORIENTED_EDGE('',*,*,#1358,.F.);
#1794=ORIENTED_EDGE('',*,*,#1353,.F.);
#1795=ORIENTED_EDGE('',*,*,#1359,.F.);
#1796=ORIENTED_EDGE('',*,*,#1356,.T.);
#1797=ORIENTED_EDGE('',*,*,#1360,.T.);
#1798=ORIENTED_EDGE('',*,*,#1349,.F.);
#1799=ORIENTED_EDGE('',*,*,#1361,.T.);
#1800=ORIENTED_EDGE('',*,*,#1333,.F.);
#1801=ORIENTED_EDGE('',*,*,#1331,.T.);
#1802=ORIENTED_EDGE('',*,*,#1329,.F.);
#1803=ORIENTED_EDGE('',*,*,#1270,.F.);
#1804=ORIENTED_EDGE('',*,*,#1352,.F.);
#1805=ORIENTED_EDGE('',*,*,#1354,.T.);
#1806=ORIENTED_EDGE('',*,*,#1358,.T.);
#1807=ORIENTED_EDGE('',*,*,#1362,.T.);
#1808=ORIENTED_EDGE('',*,*,#1363,.T.);
#1809=ORIENTED_EDGE('',*,*,#1364,.T.);
#1810=ORIENTED_EDGE('',*,*,#1365,.F.);
#1811=ORIENTED_EDGE('',*,*,#1366,.T.);
#1812=ORIENTED_EDGE('',*,*,#1343,.F.);
#1813=ORIENTED_EDGE('',*,*,#1335,.T.);
#1814=ORIENTED_EDGE('',*,*,#1347,.T.);
#1815=ORIENTED_EDGE('',*,*,#1367,.T.);
#1816=ORIENTED_EDGE('',*,*,#1368,.F.);
#1817=ORIENTED_EDGE('',*,*,#1369,.T.);
#1818=ORIENTED_EDGE('',*,*,#1370,.T.);
#1819=ORIENTED_EDGE('',*,*,#1371,.F.);
#1820=ORIENTED_EDGE('',*,*,#1372,.T.);
#1821=ORIENTED_EDGE('',*,*,#1373,.T.);
#1822=ORIENTED_EDGE('',*,*,#1374,.F.);
#1823=ORIENTED_EDGE('',*,*,#1371,.T.);
#1824=ORIENTED_EDGE('',*,*,#1375,.F.);
#1825=ORIENTED_EDGE('',*,*,#1373,.F.);
#1826=ORIENTED_EDGE('',*,*,#1376,.F.);
#1827=ORIENTED_EDGE('',*,*,#1377,.F.);
#1828=ORIENTED_EDGE('',*,*,#1378,.T.);
#1829=ORIENTED_EDGE('',*,*,#1379,.T.);
#1830=ORIENTED_EDGE('',*,*,#1380,.T.);
#1831=ORIENTED_EDGE('',*,*,#1377,.T.);
#1832=ORIENTED_EDGE('',*,*,#1340,.F.);
#1833=ORIENTED_EDGE('',*,*,#1338,.F.);
#1834=ORIENTED_EDGE('',*,*,#1381,.F.);
#1835=ORIENTED_EDGE('',*,*,#1379,.F.);
#1836=ORIENTED_EDGE('',*,*,#1382,.F.);
#1837=ORIENTED_EDGE('',*,*,#1383,.F.);
#1838=ORIENTED_EDGE('',*,*,#1348,.F.);
#1839=ORIENTED_EDGE('',*,*,#1367,.F.);
#1840=ORIENTED_EDGE('',*,*,#1346,.T.);
#1841=ORIENTED_EDGE('',*,*,#1345,.F.);
#1842=ORIENTED_EDGE('',*,*,#1341,.F.);
#1843=ORIENTED_EDGE('',*,*,#1366,.F.);
#1844=ORIENTED_EDGE('',*,*,#1384,.F.);
#1845=ORIENTED_EDGE('',*,*,#1383,.T.);
#1846=ORIENTED_EDGE('',*,*,#1385,.T.);
#1847=ORIENTED_EDGE('',*,*,#1362,.F.);
#1848=ORIENTED_EDGE('',*,*,#1357,.T.);
#1849=ORIENTED_EDGE('',*,*,#1361,.F.);
#1850=ORIENTED_EDGE('',*,*,#1386,.T.);
#1851=ORIENTED_EDGE('',*,*,#1387,.T.);
#1852=ORIENTED_EDGE('',*,*,#1388,.T.);
#1853=ORIENTED_EDGE('',*,*,#1389,.T.);
#1854=ORIENTED_EDGE('',*,*,#1390,.T.);
#1855=ORIENTED_EDGE('',*,*,#1359,.T.);
#1856=ORIENTED_EDGE('',*,*,#1355,.F.);
#1857=ORIENTED_EDGE('',*,*,#1350,.F.);
#1858=ORIENTED_EDGE('',*,*,#1391,.T.);
#1859=ORIENTED_EDGE('',*,*,#1386,.F.);
#1860=ORIENTED_EDGE('',*,*,#1360,.F.);
#1861=ORIENTED_EDGE('',*,*,#1390,.F.);
#1862=ORIENTED_EDGE('',*,*,#1392,.F.);
#1863=ORIENTED_EDGE('',*,*,#1393,.T.);
#1864=ORIENTED_EDGE('',*,*,#1394,.F.);
#1865=ORIENTED_EDGE('',*,*,#1395,.F.);
#1866=ORIENTED_EDGE('',*,*,#1396,.F.);
#1867=ORIENTED_EDGE('',*,*,#1364,.F.);
#1868=ORIENTED_EDGE('',*,*,#1380,.F.);
#1869=ORIENTED_EDGE('',*,*,#1381,.T.);
#1870=ORIENTED_EDGE('',*,*,#1384,.T.);
#1871=ORIENTED_EDGE('',*,*,#1365,.T.);
#1872=ORIENTED_EDGE('',*,*,#1396,.T.);
#1873=ORIENTED_EDGE('',*,*,#1397,.F.);
#1874=ORIENTED_EDGE('',*,*,#1398,.T.);
#1875=ORIENTED_EDGE('',*,*,#1368,.T.);
#1876=ORIENTED_EDGE('',*,*,#1374,.T.);
#1877=ORIENTED_EDGE('',*,*,#1375,.T.);
#1878=ORIENTED_EDGE('',*,*,#1398,.F.);
#1879=ORIENTED_EDGE('',*,*,#1399,.F.);
#1880=ORIENTED_EDGE('',*,*,#1400,.F.);
#1881=ORIENTED_EDGE('',*,*,#1369,.F.);
#1882=ORIENTED_EDGE('',*,*,#1385,.F.);
#1883=ORIENTED_EDGE('',*,*,#1382,.T.);
#1884=ORIENTED_EDGE('',*,*,#1378,.F.);
#1885=ORIENTED_EDGE('',*,*,#1376,.T.);
#1886=ORIENTED_EDGE('',*,*,#1372,.F.);
#1887=ORIENTED_EDGE('',*,*,#1370,.F.);
#1888=ORIENTED_EDGE('',*,*,#1400,.T.);
#1889=ORIENTED_EDGE('',*,*,#1401,.T.);
#1890=ORIENTED_EDGE('',*,*,#1394,.T.);
#1891=ORIENTED_EDGE('',*,*,#1363,.F.);
#1892=ORIENTED_EDGE('',*,*,#1391,.F.);
#1893=ORIENTED_EDGE('',*,*,#1402,.T.);
#1894=ORIENTED_EDGE('',*,*,#1403,.F.);
#1895=ORIENTED_EDGE('',*,*,#1404,.F.);
#1896=ORIENTED_EDGE('',*,*,#1387,.F.);
#1897=ORIENTED_EDGE('',*,*,#1405,.F.);
#1898=ORIENTED_EDGE('',*,*,#1406,.F.);
#1899=ORIENTED_EDGE('',*,*,#1388,.F.);
#1900=ORIENTED_EDGE('',*,*,#1404,.T.);
#1901=ORIENTED_EDGE('',*,*,#1392,.T.);
#1902=ORIENTED_EDGE('',*,*,#1389,.F.);
#1903=ORIENTED_EDGE('',*,*,#1406,.T.);
#1904=ORIENTED_EDGE('',*,*,#1407,.T.);
#1905=ORIENTED_EDGE('',*,*,#1408,.F.);
#1906=ORIENTED_EDGE('',*,*,#1393,.F.);
#1907=ORIENTED_EDGE('',*,*,#1408,.T.);
#1908=ORIENTED_EDGE('',*,*,#1409,.T.);
#1909=ORIENTED_EDGE('',*,*,#1402,.F.);
#1910=ORIENTED_EDGE('',*,*,#1410,.F.);
#1911=ORIENTED_EDGE('',*,*,#1411,.T.);
#1912=ORIENTED_EDGE('',*,*,#1412,.F.);
#1913=ORIENTED_EDGE('',*,*,#1288,.F.);
#1914=ORIENTED_EDGE('',*,*,#1401,.F.);
#1915=ORIENTED_EDGE('',*,*,#1399,.T.);
#1916=ORIENTED_EDGE('',*,*,#1397,.T.);
#1917=ORIENTED_EDGE('',*,*,#1395,.T.);
#1918=ORIENTED_EDGE('',*,*,#1297,.F.);
#1919=ORIENTED_EDGE('',*,*,#1302,.F.);
#1920=ORIENTED_EDGE('',*,*,#1285,.F.);
#1921=ORIENTED_EDGE('',*,*,#1295,.F.);
#1922=ORIENTED_EDGE('',*,*,#1279,.F.);
#1923=ORIENTED_EDGE('',*,*,#1303,.F.);
#1924=ORIENTED_EDGE('',*,*,#1267,.F.);
#1925=ORIENTED_EDGE('',*,*,#1277,.F.);
#1926=ORIENTED_EDGE('',*,*,#1409,.F.);
#1927=ORIENTED_EDGE('',*,*,#1407,.F.);
#1928=ORIENTED_EDGE('',*,*,#1405,.T.);
#1929=ORIENTED_EDGE('',*,*,#1403,.T.);
#1930=ORIENTED_EDGE('',*,*,#1411,.F.);
#1931=ORIENTED_EDGE('',*,*,#1413,.F.);
#1932=ORIENTED_EDGE('',*,*,#1414,.T.);
#1933=ORIENTED_EDGE('',*,*,#1415,.T.);
#1934=ORIENTED_EDGE('',*,*,#1413,.T.);
#1935=ORIENTED_EDGE('',*,*,#1410,.T.);
#1936=ORIENTED_EDGE('',*,*,#1299,.F.);
#1937=ORIENTED_EDGE('',*,*,#1416,.T.);
#1938=ORIENTED_EDGE('',*,*,#1283,.T.);
#1939=ORIENTED_EDGE('',*,*,#1412,.T.);
#1940=ORIENTED_EDGE('',*,*,#1415,.F.);
#1941=ORIENTED_EDGE('',*,*,#1417,.T.);
#1942=ORIENTED_EDGE('',*,*,#1416,.F.);
#1943=ORIENTED_EDGE('',*,*,#1289,.T.);
#1944=ORIENTED_EDGE('',*,*,#1417,.F.);
#1945=ORIENTED_EDGE('',*,*,#1414,.F.);
#1946=ORIENTED_EDGE('',*,*,#1418,.T.);
#1947=ORIENTED_EDGE('',*,*,#1419,.T.);
#1948=ORIENTED_EDGE('',*,*,#1420,.T.);
#1949=ORIENTED_EDGE('',*,*,#1421,.T.);
#1950=ORIENTED_EDGE('',*,*,#1422,.T.);
#1951=ORIENTED_EDGE('',*,*,#1423,.T.);
#1952=ORIENTED_EDGE('',*,*,#1424,.T.);
#1953=ORIENTED_EDGE('',*,*,#1425,.T.);
#1954=ORIENTED_EDGE('',*,*,#1426,.T.);
#1955=ORIENTED_EDGE('',*,*,#1427,.T.);
#1956=ORIENTED_EDGE('',*,*,#1428,.T.);
#1957=ORIENTED_EDGE('',*,*,#1419,.F.);
#1958=ORIENTED_EDGE('',*,*,#1424,.F.);
#1959=ORIENTED_EDGE('',*,*,#1429,.T.);
#1960=ORIENTED_EDGE('',*,*,#1418,.F.);
#1961=ORIENTED_EDGE('',*,*,#1428,.F.);
#1962=ORIENTED_EDGE('',*,*,#1430,.T.);
#1963=ORIENTED_EDGE('',*,*,#1420,.F.);
#1964=ORIENTED_EDGE('',*,*,#1431,.T.);
#1965=ORIENTED_EDGE('',*,*,#1422,.F.);
#1966=ORIENTED_EDGE('',*,*,#1432,.T.);
#1967=ORIENTED_EDGE('',*,*,#1426,.F.);
#1968=ORIENTED_EDGE('',*,*,#1429,.F.);
#1969=ORIENTED_EDGE('',*,*,#1423,.F.);
#1970=ORIENTED_EDGE('',*,*,#1431,.F.);
#1971=ORIENTED_EDGE('',*,*,#1425,.F.);
#1972=ORIENTED_EDGE('',*,*,#1430,.F.);
#1973=ORIENTED_EDGE('',*,*,#1427,.F.);
#1974=ORIENTED_EDGE('',*,*,#1432,.F.);
#1975=ORIENTED_EDGE('',*,*,#1421,.F.);
#1976=ORIENTED_EDGE('',*,*,#1433,.T.);
#1977=ORIENTED_EDGE('',*,*,#1434,.F.);
#1978=ORIENTED_EDGE('',*,*,#1435,.F.);
#1979=ORIENTED_EDGE('',*,*,#1436,.T.);
#1980=ORIENTED_EDGE('',*,*,#1437,.F.);
#1981=ORIENTED_EDGE('',*,*,#1438,.F.);
#1982=ORIENTED_EDGE('',*,*,#1439,.F.);
#1983=ORIENTED_EDGE('',*,*,#1440,.F.);
#1984=ORIENTED_EDGE('',*,*,#1441,.T.);
#1985=ORIENTED_EDGE('',*,*,#1442,.F.);
#1986=ORIENTED_EDGE('',*,*,#1443,.F.);
#1987=ORIENTED_EDGE('',*,*,#1434,.T.);
#1988=ORIENTED_EDGE('',*,*,#1444,.T.);
#1989=ORIENTED_EDGE('',*,*,#1445,.F.);
#1990=ORIENTED_EDGE('',*,*,#1446,.F.);
#1991=ORIENTED_EDGE('',*,*,#1442,.T.);
#1992=ORIENTED_EDGE('',*,*,#1447,.T.);
#1993=ORIENTED_EDGE('',*,*,#1448,.F.);
#1994=ORIENTED_EDGE('',*,*,#1449,.F.);
#1995=ORIENTED_EDGE('',*,*,#1445,.T.);
#1996=ORIENTED_EDGE('',*,*,#1450,.F.);
#1997=ORIENTED_EDGE('',*,*,#1451,.F.);
#1998=ORIENTED_EDGE('',*,*,#1452,.F.);
#1999=ORIENTED_EDGE('',*,*,#1453,.F.);
#2000=ORIENTED_EDGE('',*,*,#1454,.T.);
#2001=ORIENTED_EDGE('',*,*,#1436,.F.);
#2002=ORIENTED_EDGE('',*,*,#1455,.F.);
#2003=ORIENTED_EDGE('',*,*,#1448,.T.);
#2004=ORIENTED_EDGE('',*,*,#1435,.T.);
#2005=ORIENTED_EDGE('',*,*,#1443,.T.);
#2006=ORIENTED_EDGE('',*,*,#1446,.T.);
#2007=ORIENTED_EDGE('',*,*,#1449,.T.);
#2008=ORIENTED_EDGE('',*,*,#1455,.T.);
#2009=ORIENTED_EDGE('',*,*,#1433,.F.);
#2010=ORIENTED_EDGE('',*,*,#1454,.F.);
#2011=ORIENTED_EDGE('',*,*,#1447,.F.);
#2012=ORIENTED_EDGE('',*,*,#1444,.F.);
#2013=ORIENTED_EDGE('',*,*,#1441,.F.);
#2014=ORIENTED_EDGE('',*,*,#1451,.T.);
#2015=ORIENTED_EDGE('',*,*,#1456,.F.);
#2016=ORIENTED_EDGE('',*,*,#1457,.F.);
#2017=ORIENTED_EDGE('',*,*,#1458,.T.);
#2018=ORIENTED_EDGE('',*,*,#1452,.T.);
#2019=ORIENTED_EDGE('',*,*,#1458,.F.);
#2020=ORIENTED_EDGE('',*,*,#1459,.F.);
#2021=ORIENTED_EDGE('',*,*,#1460,.T.);
#2022=ORIENTED_EDGE('',*,*,#1453,.T.);
#2023=ORIENTED_EDGE('',*,*,#1460,.F.);
#2024=ORIENTED_EDGE('',*,*,#1461,.F.);
#2025=ORIENTED_EDGE('',*,*,#1462,.T.);
#2026=ORIENTED_EDGE('',*,*,#1450,.T.);
#2027=ORIENTED_EDGE('',*,*,#1462,.F.);
#2028=ORIENTED_EDGE('',*,*,#1463,.F.);
#2029=ORIENTED_EDGE('',*,*,#1456,.T.);
#2030=ORIENTED_EDGE('',*,*,#1457,.T.);
#2031=ORIENTED_EDGE('',*,*,#1463,.T.);
#2032=ORIENTED_EDGE('',*,*,#1461,.T.);
#2033=ORIENTED_EDGE('',*,*,#1459,.T.);
#2034=ORIENTED_EDGE('',*,*,#1437,.T.);
#2035=ORIENTED_EDGE('',*,*,#1464,.F.);
#2036=ORIENTED_EDGE('',*,*,#1465,.F.);
#2037=ORIENTED_EDGE('',*,*,#1466,.T.);
#2038=ORIENTED_EDGE('',*,*,#1440,.T.);
#2039=ORIENTED_EDGE('',*,*,#1467,.F.);
#2040=ORIENTED_EDGE('',*,*,#1468,.F.);
#2041=ORIENTED_EDGE('',*,*,#1464,.T.);
#2042=ORIENTED_EDGE('',*,*,#1439,.T.);
#2043=ORIENTED_EDGE('',*,*,#1469,.F.);
#2044=ORIENTED_EDGE('',*,*,#1470,.F.);
#2045=ORIENTED_EDGE('',*,*,#1467,.T.);
#2046=ORIENTED_EDGE('',*,*,#1438,.T.);
#2047=ORIENTED_EDGE('',*,*,#1466,.F.);
#2048=ORIENTED_EDGE('',*,*,#1471,.F.);
#2049=ORIENTED_EDGE('',*,*,#1469,.T.);
#2050=ORIENTED_EDGE('',*,*,#1465,.T.);
#2051=ORIENTED_EDGE('',*,*,#1468,.T.);
#2052=ORIENTED_EDGE('',*,*,#1470,.T.);
#2053=ORIENTED_EDGE('',*,*,#1471,.T.);
#2054=ORIENTED_EDGE('',*,*,#1472,.F.);
#2055=ORIENTED_EDGE('',*,*,#1473,.T.);
#2056=ORIENTED_EDGE('',*,*,#1474,.T.);
#2057=ORIENTED_EDGE('',*,*,#1475,.F.);
#2058=ORIENTED_EDGE('',*,*,#1476,.T.);
#2059=ORIENTED_EDGE('',*,*,#1477,.F.);
#2060=ORIENTED_EDGE('',*,*,#1478,.F.);
#2061=ORIENTED_EDGE('',*,*,#1475,.T.);
#2062=ORIENTED_EDGE('',*,*,#1479,.T.);
#2063=ORIENTED_EDGE('',*,*,#1480,.T.);
#2064=ORIENTED_EDGE('',*,*,#1481,.F.);
#2065=ORIENTED_EDGE('',*,*,#1477,.T.);
#2066=ORIENTED_EDGE('',*,*,#1482,.F.);
#2067=ORIENTED_EDGE('',*,*,#1483,.T.);
#2068=ORIENTED_EDGE('',*,*,#1484,.T.);
#2069=ORIENTED_EDGE('',*,*,#1485,.T.);
#2070=ORIENTED_EDGE('',*,*,#1481,.T.);
#2071=ORIENTED_EDGE('',*,*,#1486,.T.);
#2072=ORIENTED_EDGE('',*,*,#1482,.T.);
#2073=ORIENTED_EDGE('',*,*,#1487,.T.);
#2074=ORIENTED_EDGE('',*,*,#1472,.T.);
#2075=ORIENTED_EDGE('',*,*,#1478,.T.);
#2076=ORIENTED_EDGE('',*,*,#1484,.F.);
#2077=ORIENTED_EDGE('',*,*,#1488,.T.);
#2078=ORIENTED_EDGE('',*,*,#1479,.F.);
#2079=ORIENTED_EDGE('',*,*,#1476,.F.);
#2080=ORIENTED_EDGE('',*,*,#1474,.F.);
#2081=ORIENTED_EDGE('',*,*,#1489,.T.);
#2082=ORIENTED_EDGE('',*,*,#1486,.F.);
#2083=ORIENTED_EDGE('',*,*,#1480,.F.);
#2084=ORIENTED_EDGE('',*,*,#1488,.F.);
#2085=ORIENTED_EDGE('',*,*,#1483,.F.);
#2086=ORIENTED_EDGE('',*,*,#1487,.F.);
#2087=ORIENTED_EDGE('',*,*,#1485,.F.);
#2088=ORIENTED_EDGE('',*,*,#1489,.F.);
#2089=ORIENTED_EDGE('',*,*,#1473,.F.);
#2090=CYLINDRICAL_SURFACE('',#2242,1.05);
#2091=CYLINDRICAL_SURFACE('',#2309,1.1);
#2092=CYLINDRICAL_SURFACE('',#2311,1.1);
#2093=CYLINDRICAL_SURFACE('',#2324,0.3);
#2094=CYLINDRICAL_SURFACE('',#2328,0.3);
#2095=CYLINDRICAL_SURFACE('',#2337,0.3);
#2096=CYLINDRICAL_SURFACE('',#2350,1.05);
#2097=ADVANCED_FACE('',(#158),#2090,.T.);
#2098=ADVANCED_FACE('',(#159),#41,.F.);
#2099=ADVANCED_FACE('',(#160),#42,.F.);
#2100=ADVANCED_FACE('',(#161),#43,.F.);
#2101=ADVANCED_FACE('',(#162),#44,.F.);
#2102=ADVANCED_FACE('',(#163),#45,.F.);
#2103=ADVANCED_FACE('',(#164),#46,.F.);
#2104=ADVANCED_FACE('',(#165,#17),#47,.F.);
#2105=ADVANCED_FACE('',(#166),#48,.F.);
#2106=ADVANCED_FACE('',(#167),#49,.F.);
#2107=ADVANCED_FACE('',(#168,#18),#50,.F.);
#2108=ADVANCED_FACE('',(#169),#51,.F.);
#2109=ADVANCED_FACE('',(#170),#52,.T.);
#2110=ADVANCED_FACE('',(#171),#53,.F.);
#2111=ADVANCED_FACE('',(#172),#54,.F.);
#2112=ADVANCED_FACE('',(#173),#55,.F.);
#2113=ADVANCED_FACE('',(#174),#56,.F.);
#2114=ADVANCED_FACE('',(#175),#57,.F.);
#2115=ADVANCED_FACE('',(#176),#58,.T.);
#2116=ADVANCED_FACE('',(#177),#59,.F.);
#2117=ADVANCED_FACE('',(#178),#60,.F.);
#2118=ADVANCED_FACE('',(#179),#61,.F.);
#2119=ADVANCED_FACE('',(#180),#62,.F.);
#2120=ADVANCED_FACE('',(#181),#63,.T.);
#2121=ADVANCED_FACE('',(#182),#64,.F.);
#2122=ADVANCED_FACE('',(#183),#65,.F.);
#2123=ADVANCED_FACE('',(#184),#66,.F.);
#2124=ADVANCED_FACE('',(#185),#67,.F.);
#2125=ADVANCED_FACE('',(#186),#68,.T.);
#2126=ADVANCED_FACE('',(#187),#69,.F.);
#2127=ADVANCED_FACE('',(#188),#70,.F.);
#2128=ADVANCED_FACE('',(#189),#71,.F.);
#2129=ADVANCED_FACE('',(#190),#72,.F.);
#2130=ADVANCED_FACE('',(#191),#73,.F.);
#2131=ADVANCED_FACE('',(#192),#74,.F.);
#2132=ADVANCED_FACE('',(#193),#75,.F.);
#2133=ADVANCED_FACE('',(#194),#76,.F.);
#2134=ADVANCED_FACE('',(#195),#77,.F.);
#2135=ADVANCED_FACE('',(#196),#78,.F.);
#2136=ADVANCED_FACE('',(#197),#79,.F.);
#2137=ADVANCED_FACE('',(#198),#80,.F.);
#2138=ADVANCED_FACE('',(#199),#81,.F.);
#2139=ADVANCED_FACE('',(#200),#82,.F.);
#2140=ADVANCED_FACE('',(#201),#83,.F.);
#2141=ADVANCED_FACE('',(#202),#84,.F.);
#2142=ADVANCED_FACE('',(#203),#85,.F.);
#2143=ADVANCED_FACE('',(#204),#86,.F.);
#2144=ADVANCED_FACE('',(#205),#87,.F.);
#2145=ADVANCED_FACE('',(#206),#88,.F.);
#2146=ADVANCED_FACE('',(#207),#89,.F.);
#2147=ADVANCED_FACE('',(#208),#90,.F.);
#2148=ADVANCED_FACE('',(#209),#91,.T.);
#2149=ADVANCED_FACE('',(#210),#92,.T.);
#2150=ADVANCED_FACE('',(#211),#93,.F.);
#2151=ADVANCED_FACE('',(#212),#94,.F.);
#2152=ADVANCED_FACE('',(#213),#95,.F.);
#2153=ADVANCED_FACE('',(#214,#19),#96,.F.);
#2154=ADVANCED_FACE('',(#215),#97,.F.);
#2155=ADVANCED_FACE('',(#216),#98,.F.);
#2156=ADVANCED_FACE('',(#217),#2091,.F.);
#2157=ADVANCED_FACE('',(#218),#2092,.F.);
#2158=ADVANCED_FACE('',(#219),#99,.T.);
#2159=ADVANCED_FACE('',(#220),#100,.F.);
#2160=ADVANCED_FACE('',(#221),#101,.F.);
#2161=ADVANCED_FACE('',(#222),#102,.T.);
#2162=ADVANCED_FACE('',(#223),#103,.F.);
#2163=ADVANCED_FACE('',(#224),#104,.F.);
#2164=ADVANCED_FACE('',(#225),#105,.F.);
#2165=ADVANCED_FACE('',(#226),#106,.F.);
#2166=ADVANCED_FACE('',(#227),#107,.F.);
#2167=ADVANCED_FACE('',(#228),#108,.F.);
#2168=ADVANCED_FACE('',(#229),#109,.F.);
#2169=ADVANCED_FACE('',(#230),#2093,.T.);
#2170=ADVANCED_FACE('',(#231,#20,#21),#110,.F.);
#2171=ADVANCED_FACE('',(#232),#2094,.T.);
#2172=ADVANCED_FACE('',(#233),#111,.F.);
#2173=ADVANCED_FACE('',(#234),#112,.F.);
#2174=ADVANCED_FACE('',(#235),#113,.F.);
#2175=ADVANCED_FACE('',(#236),#114,.T.);
#2176=ADVANCED_FACE('',(#237),#115,.F.);
#2177=ADVANCED_FACE('',(#238),#2095,.T.);
#2178=ADVANCED_FACE('',(#239),#116,.F.);
#2179=ADVANCED_FACE('',(#240),#117,.F.);
#2180=ADVANCED_FACE('',(#241),#118,.F.);
#2181=ADVANCED_FACE('',(#242),#119,.F.);
#2182=ADVANCED_FACE('',(#243),#120,.F.);
#2183=ADVANCED_FACE('',(#244),#121,.F.);
#2184=ADVANCED_FACE('',(#245,#22,#23),#122,.F.);
#2185=ADVANCED_FACE('',(#246,#24),#123,.F.);
#2186=ADVANCED_FACE('',(#247),#124,.F.);
#2187=ADVANCED_FACE('',(#248),#125,.F.);
#2188=ADVANCED_FACE('',(#249),#126,.F.);
#2189=ADVANCED_FACE('',(#250),#2096,.T.);
#2190=ADVANCED_FACE('',(#251),#127,.F.);
#2191=ADVANCED_FACE('',(#252),#128,.F.);
#2192=ADVANCED_FACE('',(#253),#129,.F.);
#2193=ADVANCED_FACE('',(#254),#130,.F.);
#2194=ADVANCED_FACE('',(#255),#131,.F.);
#2195=ADVANCED_FACE('',(#256),#132,.F.);
#2196=ADVANCED_FACE('',(#257,#25),#133,.F.);
#2197=ADVANCED_FACE('',(#258),#134,.F.);
#2198=ADVANCED_FACE('',(#259),#135,.F.);
#2199=ADVANCED_FACE('',(#260,#26),#136,.F.);
#2200=ADVANCED_FACE('',(#261),#137,.F.);
#2201=ADVANCED_FACE('',(#262),#138,.T.);
#2202=ADVANCED_FACE('',(#263),#139,.F.);
#2203=ADVANCED_FACE('',(#264),#140,.F.);
#2204=ADVANCED_FACE('',(#265),#141,.F.);
#2205=ADVANCED_FACE('',(#266),#142,.F.);
#2206=ADVANCED_FACE('',(#267),#143,.F.);
#2207=ADVANCED_FACE('',(#268),#144,.T.);
#2208=ADVANCED_FACE('',(#269),#145,.F.);
#2209=ADVANCED_FACE('',(#270),#146,.F.);
#2210=ADVANCED_FACE('',(#271),#147,.F.);
#2211=ADVANCED_FACE('',(#272),#148,.F.);
#2212=ADVANCED_FACE('',(#273),#149,.T.);
#2213=ADVANCED_FACE('',(#274),#150,.F.);
#2214=ADVANCED_FACE('',(#275),#151,.F.);
#2215=ADVANCED_FACE('',(#276),#152,.F.);
#2216=ADVANCED_FACE('',(#277),#153,.F.);
#2217=ADVANCED_FACE('',(#278),#154,.T.);
#2218=ADVANCED_FACE('',(#279),#155,.F.);
#2219=ADVANCED_FACE('',(#280),#156,.F.);
#2220=ADVANCED_FACE('',(#281),#157,.F.);
#2221=CLOSED_SHELL('',(#2097,#2098,#2099,#2100,#2101,#2102,#2103));
#2222=CLOSED_SHELL('',(#2104,#2105,#2106,#2107,#2108,#2109,#2110,#2111,
#2112,#2113,#2114,#2115,#2116,#2117,#2118,#2119,#2120));
#2223=CLOSED_SHELL('',(#2121,#2122,#2123,#2124,#2125,#2126,#2127,#2128));
#2224=CLOSED_SHELL('',(#2129,#2130,#2131,#2132,#2133,#2134,#2135,#2136,
#2137,#2138,#2139,#2140,#2141,#2142,#2143,#2144,#2145,#2146,#2147,#2148,
#2149,#2150,#2151,#2152,#2153,#2154,#2155,#2156,#2157,#2158,#2159,#2160,
#2161,#2162,#2163,#2164,#2165,#2166,#2167,#2168,#2169,#2170,#2171,#2172,
#2173,#2174,#2175,#2176,#2177,#2178,#2179,#2180,#2181,#2182,#2183,#2184,
#2185,#2186,#2187,#2188));
#2225=CLOSED_SHELL('',(#2189,#2190,#2191,#2192,#2193,#2194,#2195));
#2226=CLOSED_SHELL('',(#2196,#2197,#2198,#2199,#2200,#2201,#2202,#2203,
#2204,#2205,#2206,#2207,#2208,#2209,#2210,#2211,#2212));
#2227=CLOSED_SHELL('',(#2213,#2214,#2215,#2216,#2217,#2218,#2219,#2220));
#2228=DERIVED_UNIT_ELEMENT(#2230,1.);
#2229=DERIVED_UNIT_ELEMENT(#3595,-3.);
#2230=(
MASS_UNIT()
NAMED_UNIT(*)
SI_UNIT(.KILO.,.GRAM.)
);
#2231=DERIVED_UNIT((#2228,#2229));
#2232=MEASURE_REPRESENTATION_ITEM('density measure',
POSITIVE_RATIO_MEASURE(7850.),#2231);
#2233=PROPERTY_DEFINITION_REPRESENTATION(#2238,#2235);
#2234=PROPERTY_DEFINITION_REPRESENTATION(#2239,#2236);
#2235=REPRESENTATION('material name',(#2237),#3592);
#2236=REPRESENTATION('density',(#2232),#3592);
#2237=DESCRIPTIVE_REPRESENTATION_ITEM('Steel','Steel');
#2238=PROPERTY_DEFINITION('material property','material name',#3607);
#2239=PROPERTY_DEFINITION('material property','density of part',#3607);
#2240=AXIS2_PLACEMENT_3D('',#2965,#2389,#2390);
#2241=AXIS2_PLACEMENT_3D('',#2966,#2391,#2392);
#2242=AXIS2_PLACEMENT_3D('',#2967,#2393,#2394);
#2243=AXIS2_PLACEMENT_3D('',#2969,#2395,#2396);
#2244=AXIS2_PLACEMENT_3D('',#2973,#2398,#2399);
#2245=AXIS2_PLACEMENT_3D('',#2977,#2401,#2402);
#2246=AXIS2_PLACEMENT_3D('',#2981,#2404,#2405);
#2247=AXIS2_PLACEMENT_3D('',#2985,#2407,#2408);
#2248=AXIS2_PLACEMENT_3D('',#2988,#2410,#2411);
#2249=AXIS2_PLACEMENT_3D('',#2989,#2412,#2413);
#2250=AXIS2_PLACEMENT_3D('',#2991,#2415,#2416);
#2251=AXIS2_PLACEMENT_3D('',#2992,#2417,#2418);
#2252=AXIS2_PLACEMENT_3D('',#2994,#2420,#2421);
#2253=AXIS2_PLACEMENT_3D('',#2997,#2424,#2425);
#2254=AXIS2_PLACEMENT_3D('',#2998,#2426,#2427);
#2255=AXIS2_PLACEMENT_3D('',#2999,#2428,#2429);
#2256=AXIS2_PLACEMENT_3D('',#3016,#2438,#2439);
#2257=AXIS2_PLACEMENT_3D('',#3022,#2443,#2444);
#2258=AXIS2_PLACEMENT_3D('',#3028,#2448,#2449);
#2259=AXIS2_PLACEMENT_3D('',#3042,#2457,#2458);
#2260=AXIS2_PLACEMENT_3D('',#3045,#2461,#2462);
#2261=AXIS2_PLACEMENT_3D('',#3046,#2463,#2464);
#2262=AXIS2_PLACEMENT_3D('',#3047,#2465,#2466);
#2263=AXIS2_PLACEMENT_3D('',#3053,#2470,#2471);
#2264=AXIS2_PLACEMENT_3D('',#3057,#2474,#2475);
#2265=AXIS2_PLACEMENT_3D('',#3061,#2478,#2479);
#2266=AXIS2_PLACEMENT_3D('',#3063,#2481,#2482);
#2267=AXIS2_PLACEMENT_3D('',#3064,#2483,#2484);
#2268=AXIS2_PLACEMENT_3D('',#3070,#2488,#2489);
#2269=AXIS2_PLACEMENT_3D('',#3074,#2492,#2493);
#2270=AXIS2_PLACEMENT_3D('',#3078,#2496,#2497);
#2271=AXIS2_PLACEMENT_3D('',#3080,#2499,#2500);
#2272=AXIS2_PLACEMENT_3D('',#3081,#2501,#2502);
#2273=AXIS2_PLACEMENT_3D('',#3090,#2507,#2508);
#2274=AXIS2_PLACEMENT_3D('',#3096,#2512,#2513);
#2275=AXIS2_PLACEMENT_3D('',#3102,#2517,#2518);
#2276=AXIS2_PLACEMENT_3D('',#3111,#2523,#2524);
#2277=AXIS2_PLACEMENT_3D('',#3114,#2527,#2528);
#2278=AXIS2_PLACEMENT_3D('',#3117,#2531,#2532);
#2279=AXIS2_PLACEMENT_3D('',#3118,#2533,#2534);
#2280=AXIS2_PLACEMENT_3D('',#3119,#2535,#2536);
#2281=AXIS2_PLACEMENT_3D('',#3128,#2541,#2542);
#2282=AXIS2_PLACEMENT_3D('',#3138,#2548,#2549);
#2283=AXIS2_PLACEMENT_3D('',#3148,#2555,#2556);
#2284=AXIS2_PLACEMENT_3D('',#3152,#2559,#2560);
#2285=AXIS2_PLACEMENT_3D('',#3156,#2563,#2564);
#2286=AXIS2_PLACEMENT_3D('',#3165,#2569,#2570);
#2287=AXIS2_PLACEMENT_3D('',#3175,#2576,#2577);
#2288=AXIS2_PLACEMENT_3D('',#3185,#2583,#2584);
#2289=AXIS2_PLACEMENT_3D('',#3189,#2587,#2588);
#2290=AXIS2_PLACEMENT_3D('',#3193,#2591,#2592);
#2291=AXIS2_PLACEMENT_3D('',#3196,#2595,#2596);
#2292=AXIS2_PLACEMENT_3D('',#3199,#2599,#2600);
#2293=AXIS2_PLACEMENT_3D('',#3201,#2602,#2603);
#2294=AXIS2_PLACEMENT_3D('',#3203,#2605,#2606);
#2295=AXIS2_PLACEMENT_3D('',#3214,#2612,#2613);
#2296=AXIS2_PLACEMENT_3D('',#3220,#2617,#2618);
#2297=AXIS2_PLACEMENT_3D('',#3228,#2623,#2624);
#2298=AXIS2_PLACEMENT_3D('',#3231,#2627,#2628);
#2299=AXIS2_PLACEMENT_3D('',#3237,#2632,#2633);
#2300=AXIS2_PLACEMENT_3D('',#3239,#2634,#2635);
#2301=AXIS2_PLACEMENT_3D('',#3240,#2636,#2637);
#2302=AXIS2_PLACEMENT_3D('',#3242,#2638,#2639);
#2303=AXIS2_PLACEMENT_3D('',#3243,#2640,#2641);
#2304=AXIS2_PLACEMENT_3D('',#3249,#2645,#2646);
#2305=AXIS2_PLACEMENT_3D('',#3255,#2650,#2651);
#2306=AXIS2_PLACEMENT_3D('',#3259,#2654,#2655);
#2307=AXIS2_PLACEMENT_3D('',#3263,#2658,#2659);
#2308=AXIS2_PLACEMENT_3D('',#3265,#2661,#2662);
#2309=AXIS2_PLACEMENT_3D('',#3271,#2666,#2667);
#2310=AXIS2_PLACEMENT_3D('',#3274,#2669,#2670);
#2311=AXIS2_PLACEMENT_3D('',#3275,#2671,#2672);
#2312=AXIS2_PLACEMENT_3D('',#3278,#2674,#2675);
#2313=AXIS2_PLACEMENT_3D('',#3279,#2676,#2677);
#2314=AXIS2_PLACEMENT_3D('',#3285,#2681,#2682);
#2315=AXIS2_PLACEMENT_3D('',#3289,#2685,#2686);
#2316=AXIS2_PLACEMENT_3D('',#3293,#2689,#2690);
#2317=AXIS2_PLACEMENT_3D('',#3304,#2696,#2697);
#2318=AXIS2_PLACEMENT_3D('',#3310,#2701,#2702);
#2319=AXIS2_PLACEMENT_3D('',#3318,#2707,#2708);
#2320=AXIS2_PLACEMENT_3D('',#3321,#2711,#2712);
#2321=AXIS2_PLACEMENT_3D('',#3322,#2713,#2714);
#2322=AXIS2_PLACEMENT_3D('',#3333,#2721,#2722);
#2323=AXIS2_PLACEMENT_3D('',#3342,#2727,#2728);
#2324=AXIS2_PLACEMENT_3D('',#3348,#2732,#2733);
#2325=AXIS2_PLACEMENT_3D('',#3350,#2734,#2735);
#2326=AXIS2_PLACEMENT_3D('',#3352,#2736,#2737);
#2327=AXIS2_PLACEMENT_3D('',#3354,#2739,#2740);
#2328=AXIS2_PLACEMENT_3D('',#3360,#2744,#2745);
#2329=AXIS2_PLACEMENT_3D('',#3362,#2746,#2747);
#2330=AXIS2_PLACEMENT_3D('',#3364,#2748,#2749);
#2331=AXIS2_PLACEMENT_3D('',#3366,#2751,#2752);
#2332=AXIS2_PLACEMENT_3D('',#3369,#2755,#2756);
#2333=AXIS2_PLACEMENT_3D('',#3379,#2762,#2763);
#2334=AXIS2_PLACEMENT_3D('',#3385,#2767,#2768);
#2335=AXIS2_PLACEMENT_3D('',#3391,#2772,#2773);
#2336=AXIS2_PLACEMENT_3D('',#3394,#2775,#2776);
#2337=AXIS2_PLACEMENT_3D('',#3395,#2777,#2778);
#2338=AXIS2_PLACEMENT_3D('',#3398,#2780,#2781);
#2339=AXIS2_PLACEMENT_3D('',#3399,#2782,#2783);
#2340=AXIS2_PLACEMENT_3D('',#3401,#2785,#2786);
#2341=AXIS2_PLACEMENT_3D('',#3407,#2790,#2791);
#2342=AXIS2_PLACEMENT_3D('',#3411,#2794,#2795);
#2343=AXIS2_PLACEMENT_3D('',#3415,#2798,#2799);
#2344=AXIS2_PLACEMENT_3D('',#3417,#2801,#2802);
#2345=AXIS2_PLACEMENT_3D('',#3423,#2806,#2807);
#2346=AXIS2_PLACEMENT_3D('',#3424,#2808,#2809);
#2347=AXIS2_PLACEMENT_3D('',#3430,#2813,#2814);
#2348=AXIS2_PLACEMENT_3D('',#3432,#2816,#2817);
#2349=AXIS2_PLACEMENT_3D('',#3434,#2819,#2820);
#2350=AXIS2_PLACEMENT_3D('',#3435,#2821,#2822);
#2351=AXIS2_PLACEMENT_3D('',#3437,#2823,#2824);
#2352=AXIS2_PLACEMENT_3D('',#3441,#2826,#2827);
#2353=AXIS2_PLACEMENT_3D('',#3445,#2829,#2830);
#2354=AXIS2_PLACEMENT_3D('',#3449,#2832,#2833);
#2355=AXIS2_PLACEMENT_3D('',#3453,#2835,#2836);
#2356=AXIS2_PLACEMENT_3D('',#3456,#2838,#2839);
#2357=AXIS2_PLACEMENT_3D('',#3457,#2840,#2841);
#2358=AXIS2_PLACEMENT_3D('',#3459,#2843,#2844);
#2359=AXIS2_PLACEMENT_3D('',#3460,#2845,#2846);
#2360=AXIS2_PLACEMENT_3D('',#3462,#2848,#2849);
#2361=AXIS2_PLACEMENT_3D('',#3465,#2852,#2853);
#2362=AXIS2_PLACEMENT_3D('',#3466,#2854,#2855);
#2363=AXIS2_PLACEMENT_3D('',#3467,#2856,#2857);
#2364=AXIS2_PLACEMENT_3D('',#3484,#2866,#2867);
#2365=AXIS2_PLACEMENT_3D('',#3490,#2871,#2872);
#2366=AXIS2_PLACEMENT_3D('',#3496,#2876,#2877);
#2367=AXIS2_PLACEMENT_3D('',#3510,#2885,#2886);
#2368=AXIS2_PLACEMENT_3D('',#3513,#2889,#2890);
#2369=AXIS2_PLACEMENT_3D('',#3514,#2891,#2892);
#2370=AXIS2_PLACEMENT_3D('',#3515,#2893,#2894);
#2371=AXIS2_PLACEMENT_3D('',#3521,#2898,#2899);
#2372=AXIS2_PLACEMENT_3D('',#3525,#2902,#2903);
#2373=AXIS2_PLACEMENT_3D('',#3529,#2906,#2907);
#2374=AXIS2_PLACEMENT_3D('',#3531,#2909,#2910);
#2375=AXIS2_PLACEMENT_3D('',#3532,#2911,#2912);
#2376=AXIS2_PLACEMENT_3D('',#3538,#2916,#2917);
#2377=AXIS2_PLACEMENT_3D('',#3542,#2920,#2921);
#2378=AXIS2_PLACEMENT_3D('',#3546,#2924,#2925);
#2379=AXIS2_PLACEMENT_3D('',#3548,#2927,#2928);
#2380=AXIS2_PLACEMENT_3D('',#3549,#2929,#2930);
#2381=AXIS2_PLACEMENT_3D('',#3558,#2935,#2936);
#2382=AXIS2_PLACEMENT_3D('',#3564,#2940,#2941);
#2383=AXIS2_PLACEMENT_3D('',#3570,#2945,#2946);
#2384=AXIS2_PLACEMENT_3D('',#3579,#2951,#2952);
#2385=AXIS2_PLACEMENT_3D('',#3582,#2955,#2956);
#2386=AXIS2_PLACEMENT_3D('',#3585,#2959,#2960);
#2387=AXIS2_PLACEMENT_3D('',#3586,#2961,#2962);
#2388=AXIS2_PLACEMENT_3D('',#3587,#2963,#2964);
#2389=DIRECTION('axis',(0.,0.,1.));
#2390=DIRECTION('refdir',(1.,0.,0.));
#2391=DIRECTION('axis',(0.,0.,1.));
#2392=DIRECTION('refdir',(1.,0.,0.));
#2393=DIRECTION('center_axis',(0.,-1.,0.));
#2394=DIRECTION('ref_axis',(0.,0.,-1.));
#2395=DIRECTION('center_axis',(0.,1.,0.));
#2396=DIRECTION('ref_axis',(0.,0.,1.));
#2397=DIRECTION('',(0.,1.,0.));
#2398=DIRECTION('center_axis',(0.,-1.,0.));
#2399=DIRECTION('ref_axis',(0.,0.,-1.));
#2400=DIRECTION('',(0.,-1.,0.));
#2401=DIRECTION('center_axis',(0.,-1.,0.));
#2402=DIRECTION('ref_axis',(0.,0.,-1.));
#2403=DIRECTION('',(0.,1.,0.));
#2404=DIRECTION('center_axis',(0.,-1.,0.));
#2405=DIRECTION('ref_axis',(0.,0.,-1.));
#2406=DIRECTION('',(0.,-1.,0.));
#2407=DIRECTION('center_axis',(0.,-1.,0.));
#2408=DIRECTION('ref_axis',(0.,0.,-1.));
#2409=DIRECTION('',(0.,1.,0.));
#2410=DIRECTION('center_axis',(0.,-1.,0.));
#2411=DIRECTION('ref_axis',(0.,0.,-1.));
#2412=DIRECTION('center_axis',(0.,-1.,0.));
#2413=DIRECTION('ref_axis',(0.,0.,-1.));
#2414=DIRECTION('',(0.707106781186546,0.,0.707106781186549));
#2415=DIRECTION('center_axis',(0.,1.,0.));
#2416=DIRECTION('ref_axis',(0.,0.,1.));
#2417=DIRECTION('center_axis',(0.,-1.,0.));
#2418=DIRECTION('ref_axis',(0.,0.,-1.));
#2419=DIRECTION('',(-0.707106781186546,0.,-0.707106781186549));
#2420=DIRECTION('center_axis',(0.,-1.,0.));
#2421=DIRECTION('ref_axis',(0.,0.,-1.));
#2422=DIRECTION('',(-0.707106781186546,0.,-0.707106781186549));
#2423=DIRECTION('',(0.707106781186546,0.,0.707106781186549));
#2424=DIRECTION('center_axis',(0.707106781186549,0.,-0.707106781186546));
#2425=DIRECTION('ref_axis',(-0.707106781186546,0.,-0.707106781186549));
#2426=DIRECTION('center_axis',(-0.707106781186549,0.,0.707106781186546));
#2427=DIRECTION('ref_axis',(0.707106781186546,0.,0.707106781186549));
#2428=DIRECTION('center_axis',(0.,0.,1.));
#2429=DIRECTION('ref_axis',(1.,0.,0.));
#2430=DIRECTION('',(0.,1.,0.));
#2431=DIRECTION('',(-1.,0.,0.));
#2432=DIRECTION('',(0.,1.,0.));
#2433=DIRECTION('',(-1.,0.,0.));
#2434=DIRECTION('',(0.,1.,0.));
#2435=DIRECTION('',(-1.,0.,0.));
#2436=DIRECTION('',(-1.40805476946169E-16,-1.,0.));
#2437=DIRECTION('',(1.,0.,0.));
#2438=DIRECTION('center_axis',(0.,-0.499999999999995,0.866025403784442));
#2439=DIRECTION('ref_axis',(0.,-0.866025403784442,-0.499999999999995));
#2440=DIRECTION('',(0.,0.866025403784442,0.499999999999995));
#2441=DIRECTION('',(-1.,0.,0.));
#2442=DIRECTION('',(0.,0.866025403784442,0.499999999999995));
#2443=DIRECTION('center_axis',(0.,-1.,0.));
#2444=DIRECTION('ref_axis',(0.,0.,-1.));
#2445=DIRECTION('',(0.,0.,1.));
#2446=DIRECTION('',(-1.,0.,0.));
#2447=DIRECTION('',(0.,0.,1.));
#2448=DIRECTION('center_axis',(0.,-1.94912750109754E-16,-1.));
#2449=DIRECTION('ref_axis',(0.,1.,-1.94912750109754E-16));
#2450=DIRECTION('',(0.,-1.,1.94912750109754E-16));
#2451=DIRECTION('',(-1.,0.,0.));
#2452=DIRECTION('',(0.,-1.,1.94912750109754E-16));
#2453=DIRECTION('',(3.15808818139739E-11,-1.,0.));
#2454=DIRECTION('',(-1.,0.,0.));
#2455=DIRECTION('',(3.15805806467037E-11,1.,0.));
#2456=DIRECTION('',(1.,0.,0.));
#2457=DIRECTION('center_axis',(0.,1.,0.));
#2458=DIRECTION('ref_axis',(0.,0.,1.));
#2459=DIRECTION('',(0.,0.,-1.));
#2460=DIRECTION('',(0.,0.,-1.));
#2461=DIRECTION('center_axis',(1.,0.,0.));
#2462=DIRECTION('ref_axis',(0.,0.,-1.));
#2463=DIRECTION('center_axis',(1.,0.,0.));
#2464=DIRECTION('ref_axis',(0.,0.,-1.));
#2465=DIRECTION('center_axis',(0.,1.,0.));
#2466=DIRECTION('ref_axis',(0.,0.,1.));
#2467=DIRECTION('',(0.,0.,1.));
#2468=DIRECTION('',(-1.,0.,0.));
#2469=DIRECTION('',(0.,0.,1.));
#2470=DIRECTION('center_axis',(1.,-3.15805806467037E-11,0.));
#2471=DIRECTION('ref_axis',(3.15805806467037E-11,1.,0.));
#2472=DIRECTION('',(3.15805806467037E-11,1.,0.));
#2473=DIRECTION('',(0.,0.,1.));
#2474=DIRECTION('center_axis',(0.,-1.,0.));
#2475=DIRECTION('ref_axis',(0.,0.,-1.));
#2476=DIRECTION('',(1.,0.,0.));
#2477=DIRECTION('',(0.,0.,1.));
#2478=DIRECTION('center_axis',(-1.,-3.15808818139739E-11,0.));
#2479=DIRECTION('ref_axis',(3.15808818139739E-11,-1.,0.));
#2480=DIRECTION('',(3.15808818139739E-11,-1.,0.));
#2481=DIRECTION('center_axis',(0.,0.,1.));
#2482=DIRECTION('ref_axis',(1.,0.,0.));
#2483=DIRECTION('center_axis',(1.,0.,0.));
#2484=DIRECTION('ref_axis',(0.,0.,-1.));
#2485=DIRECTION('',(0.,0.,1.));
#2486=DIRECTION('',(0.,1.,0.));
#2487=DIRECTION('',(0.,0.,1.));
#2488=DIRECTION('center_axis',(0.,-1.,0.));
#2489=DIRECTION('ref_axis',(0.,0.,-1.));
#2490=DIRECTION('',(0.,0.,1.));
#2491=DIRECTION('',(1.,0.,0.));
#2492=DIRECTION('center_axis',(-1.,1.40805476946169E-16,0.));
#2493=DIRECTION('ref_axis',(-1.40805476946169E-16,-1.,0.));
#2494=DIRECTION('',(0.,0.,1.));
#2495=DIRECTION('',(-1.40805476946169E-16,-1.,0.));
#2496=DIRECTION('center_axis',(0.,1.,0.));
#2497=DIRECTION('ref_axis',(0.,0.,1.));
#2498=DIRECTION('',(-1.,0.,0.));
#2499=DIRECTION('center_axis',(0.,0.,-1.));
#2500=DIRECTION('ref_axis',(-1.,0.,0.));
#2501=DIRECTION('center_axis',(-1.,-1.17211045674108E-16,1.72563323017096E-31));
#2502=DIRECTION('ref_axis',(1.17211045674108E-16,-1.,4.93038065763132E-32));
#2503=DIRECTION('',(-1.17211045674108E-16,1.,-4.93038065763132E-32));
#2504=DIRECTION('',(-1.72563323017096E-31,-4.93038065763132E-32,-1.));
#2505=DIRECTION('',(-1.17211045674108E-16,1.,-4.93038065763132E-32));
#2506=DIRECTION('',(-1.72563323017096E-31,-4.93038065763132E-32,-1.));
#2507=DIRECTION('center_axis',(-2.45979188031043E-31,-1.,4.93038065763132E-32));
#2508=DIRECTION('ref_axis',(-1.72563323017096E-31,-4.93038065763133E-32,
-1.));
#2509=DIRECTION('',(-1.,2.45979188031043E-31,1.72563323017096E-31));
#2510=DIRECTION('',(-1.72563323017096E-31,-4.93038065763132E-32,-1.));
#2511=DIRECTION('',(-1.,2.45979188031043E-31,1.72563323017096E-31));
#2512=DIRECTION('center_axis',(1.,1.17211045674108E-16,-1.72563323017096E-31));
#2513=DIRECTION('ref_axis',(-1.17211045674108E-16,1.,-4.93038065763132E-32));
#2514=DIRECTION('',(1.17211045674108E-16,-1.,4.93038065763132E-32));
#2515=DIRECTION('',(1.72563323017096E-31,4.93038065763132E-32,1.));
#2516=DIRECTION('',(1.17211045674108E-16,-1.,4.93038065763132E-32));
#2517=DIRECTION('center_axis',(2.45979188031043E-31,1.,-4.93038065763132E-32));
#2518=DIRECTION('ref_axis',(1.72563323017096E-31,4.93038065763133E-32,1.));
#2519=DIRECTION('',(1.,-2.45979188031043E-31,-1.72563323017096E-31));
#2520=DIRECTION('',(-1.72563323017096E-31,-4.93038065763132E-32,-1.));
#2521=DIRECTION('',(1.,-2.45979188031043E-31,-1.72563323017096E-31));
#2522=DIRECTION('',(1.72563323017096E-31,4.93038065763132E-32,1.));
#2523=DIRECTION('center_axis',(1.72563323017096E-31,4.93038065763132E-32,
1.));
#2524=DIRECTION('ref_axis',(1.,-2.45979188031043E-31,-1.72563323017096E-31));
#2525=DIRECTION('',(0.2164396139381,-0.976296007119934,1.07855704825722E-32));
#2526=DIRECTION('',(0.2164396139381,0.976296007119934,-8.54846485099642E-32));
#2527=DIRECTION('center_axis',(1.72563323017096E-31,4.93038065763132E-32,
1.));
#2528=DIRECTION('ref_axis',(1.,-2.45979188031043E-31,-1.72563323017096E-31));
#2529=DIRECTION('',(-0.2164396139381,0.976296007119934,-1.07855704825722E-32));
#2530=DIRECTION('',(-0.2164396139381,-0.976296007119934,8.54846485099642E-32));
#2531=DIRECTION('center_axis',(0.976296007119934,0.2164396139381,-1.79144180097995E-31));
#2532=DIRECTION('ref_axis',(-1.72563323017096E-31,-4.93038065763133E-32,
-1.));
#2533=DIRECTION('center_axis',(-0.976296007119934,0.2164396139381,1.57801586375883E-31));
#2534=DIRECTION('ref_axis',(-1.72563323017096E-31,-4.93038065763133E-32,
-1.));
#2535=DIRECTION('center_axis',(-0.707106781186549,-7.66646708451092E-16,
-0.707106781186546));
#2536=DIRECTION('ref_axis',(-0.707106781186546,0.,0.707106781186549));
#2537=DIRECTION('',(-0.250562807085724,0.935113126531034,0.250562807085724));
#2538=DIRECTION('',(0.,-1.,1.08420217264023E-15));
#2539=DIRECTION('',(0.577350269189624,0.577350269189627,-0.577350269189627));
#2540=DIRECTION('',(0.,-1.,1.08420217264023E-15));
#2541=DIRECTION('center_axis',(0.,-0.707106781186547,-0.707106781186548));
#2542=DIRECTION('ref_axis',(0.,0.707106781186548,-0.707106781186547));
#2543=DIRECTION('',(0.,-0.707106781186548,0.707106781186547));
#2544=DIRECTION('',(1.,0.,0.));
#2545=DIRECTION('',(0.,-0.707106781186548,0.707106781186547));
#2546=DIRECTION('',(0.577350269189625,-0.577350269189627,0.577350269189626));
#2547=DIRECTION('',(-1.,0.,0.));
#2548=DIRECTION('center_axis',(0.,0.258819045102512,-0.965925826289071));
#2549=DIRECTION('ref_axis',(0.,0.965925826289071,0.258819045102512));
#2550=DIRECTION('',(-1.,0.,0.));
#2551=DIRECTION('',(-0.250562807085724,-0.935113126531034,-0.250562807085723));
#2552=DIRECTION('',(0.,-0.965925826289071,-0.258819045102512));
#2553=DIRECTION('',(1.,4.03424064180653E-16,1.08097152204483E-16));
#2554=DIRECTION('',(0.,-0.965925826289071,-0.258819045102512));
#2555=DIRECTION('center_axis',(-1.,0.,0.));
#2556=DIRECTION('ref_axis',(0.,0.,1.));
#2557=DIRECTION('',(0.,0.,1.));
#2558=DIRECTION('',(0.,-1.,0.));
#2559=DIRECTION('center_axis',(-4.03424064180653E-16,1.,0.));
#2560=DIRECTION('ref_axis',(-1.,-4.03424064180653E-16,0.));
#2561=DIRECTION('',(0.,0.,1.));
#2562=DIRECTION('',(-1.,-4.03424064180653E-16,0.));
#2563=DIRECTION('center_axis',(-0.707106781186549,-7.66646708451092E-16,
-0.707106781186546));
#2564=DIRECTION('ref_axis',(-0.707106781186546,4.93038065763132E-32,0.707106781186549));
#2565=DIRECTION('',(-0.250562807085724,0.935113126531034,0.250562807085724));
#2566=DIRECTION('',(0.,-1.,1.08420217264023E-15));
#2567=DIRECTION('',(0.577350269189624,0.577350269189627,-0.577350269189627));
#2568=DIRECTION('',(0.,-1.,1.08420217264023E-15));
#2569=DIRECTION('center_axis',(0.,-0.707106781186547,-0.707106781186548));
#2570=DIRECTION('ref_axis',(0.,0.707106781186548,-0.707106781186547));
#2571=DIRECTION('',(0.,-0.707106781186548,0.707106781186547));
#2572=DIRECTION('',(1.,0.,0.));
#2573=DIRECTION('',(0.,-0.707106781186548,0.707106781186547));
#2574=DIRECTION('',(0.577350269189625,-0.577350269189627,0.577350269189626));
#2575=DIRECTION('',(-1.,0.,0.));
#2576=DIRECTION('center_axis',(0.,0.258819045102512,-0.965925826289071));
#2577=DIRECTION('ref_axis',(0.,0.965925826289071,0.258819045102512));
#2578=DIRECTION('',(-1.,0.,0.));
#2579=DIRECTION('',(-0.250562807085724,-0.935113126531034,-0.250562807085723));
#2580=DIRECTION('',(0.,-0.965925826289071,-0.258819045102512));
#2581=DIRECTION('',(1.,4.03424064180653E-16,1.08097152204483E-16));
#2582=DIRECTION('',(0.,-0.965925826289071,-0.258819045102512));
#2583=DIRECTION('center_axis',(-1.,0.,0.));
#2584=DIRECTION('ref_axis',(0.,0.,1.));
#2585=DIRECTION('',(0.,0.,1.));
#2586=DIRECTION('',(0.,-1.,0.));
#2587=DIRECTION('center_axis',(-4.03424064180653E-16,1.,0.));
#2588=DIRECTION('ref_axis',(-1.,-4.03424064180653E-16,0.));
#2589=DIRECTION('',(0.,0.,1.));
#2590=DIRECTION('',(-1.,-4.03424064180653E-16,0.));
#2591=DIRECTION('center_axis',(0.707106781186548,-7.66646708451092E-16,
-0.707106781186547));
#2592=DIRECTION('ref_axis',(-0.707106781186547,-4.93038065763132E-32,-0.707106781186548));
#2593=DIRECTION('',(0.,-1.,1.08420217264023E-15));
#2594=DIRECTION('',(0.,-1.,1.08420217264023E-15));
#2595=DIRECTION('center_axis',(0.707106781186548,-7.66646708451093E-16,
-0.707106781186547));
#2596=DIRECTION('ref_axis',(-0.707106781186547,-4.93038065763132E-32,-0.707106781186548));
#2597=DIRECTION('',(0.,-1.,1.08420217264023E-15));
#2598=DIRECTION('',(0.,-1.,1.08420217264023E-15));
#2599=DIRECTION('center_axis',(1.,0.,0.));
#2600=DIRECTION('ref_axis',(0.,0.,-1.));
#2601=DIRECTION('',(0.,1.,0.));
#2602=DIRECTION('center_axis',(1.,0.,0.));
#2603=DIRECTION('ref_axis',(0.,0.,-1.));
#2604=DIRECTION('',(0.,1.,0.));
#2605=DIRECTION('center_axis',(-1.,0.,0.));
#2606=DIRECTION('ref_axis',(0.,0.,1.));
#2607=DIRECTION('',(0.,-0.866025403784442,-0.499999999999995));
#2608=DIRECTION('',(0.,0.,1.));
#2609=DIRECTION('',(0.,1.,0.));
#2610=DIRECTION('',(0.,0.,1.));
#2611=DIRECTION('',(0.,-1.,0.));
#2612=DIRECTION('center_axis',(0.,-1.,0.));
#2613=DIRECTION('ref_axis',(0.,0.,-1.));
#2614=DIRECTION('',(-1.,0.,0.));
#2615=DIRECTION('',(0.,0.,1.));
#2616=DIRECTION('',(1.,0.,0.));
#2617=DIRECTION('center_axis',(1.,0.,0.));
#2618=DIRECTION('ref_axis',(0.,0.,-1.));
#2619=DIRECTION('',(0.,-0.866025403784442,-0.499999999999995));
#2620=DIRECTION('',(0.,1.,0.));
#2621=DIRECTION('',(0.,1.,0.));
#2622=DIRECTION('',(0.,0.,1.));
#2623=DIRECTION('center_axis',(-4.03424064180653E-16,1.,0.));
#2624=DIRECTION('ref_axis',(-1.,-4.03424064180653E-16,0.));
#2625=DIRECTION('',(-1.,0.,0.));
#2626=DIRECTION('',(-1.,0.,0.));
#2627=DIRECTION('center_axis',(0.,1.,0.));
#2628=DIRECTION('ref_axis',(0.,0.,1.));
#2629=DIRECTION('',(0.,0.,-1.));
#2630=DIRECTION('',(0.,0.,1.));
#2631=DIRECTION('',(-1.,0.,0.));
#2632=DIRECTION('center_axis',(0.,1.,0.));
#2633=DIRECTION('ref_axis',(0.,0.,1.));
#2634=DIRECTION('center_axis',(0.,1.,0.));
#2635=DIRECTION('ref_axis',(0.,0.,1.));
#2636=DIRECTION('center_axis',(0.,1.,0.));
#2637=DIRECTION('ref_axis',(0.,0.,1.));
#2638=DIRECTION('center_axis',(0.,1.,0.));
#2639=DIRECTION('ref_axis',(0.,0.,1.));
#2640=DIRECTION('center_axis',(0.,0.499999999999995,-0.866025403784442));
#2641=DIRECTION('ref_axis',(0.,0.866025403784442,0.499999999999995));
#2642=DIRECTION('',(-1.,0.,0.));
#2643=DIRECTION('',(-1.,0.,0.));
#2644=DIRECTION('',(-1.,0.,0.));
#2645=DIRECTION('center_axis',(0.,0.,-1.));
#2646=DIRECTION('ref_axis',(-1.,0.,0.));
#2647=DIRECTION('',(0.,-1.,-6.60240125092298E-15));
#2648=DIRECTION('',(1.,0.,0.));
#2649=DIRECTION('',(0.,-1.,-6.60240125092298E-15));
#2650=DIRECTION('center_axis',(-1.,0.,0.));
#2651=DIRECTION('ref_axis',(0.,0.,1.));
#2652=DIRECTION('',(0.,-1.08420217264023E-15,-1.));
#2653=DIRECTION('',(0.,-1.,1.08420217264023E-15));
#2654=DIRECTION('center_axis',(0.,0.,1.));
#2655=DIRECTION('ref_axis',(1.,0.,0.));
#2656=DIRECTION('',(-1.,0.,0.));
#2657=DIRECTION('',(0.,-1.,1.08420217264023E-15));
#2658=DIRECTION('center_axis',(1.,0.,0.));
#2659=DIRECTION('ref_axis',(0.,0.,-1.));
#2660=DIRECTION('',(0.,1.08420217264023E-15,1.));
#2661=DIRECTION('center_axis',(0.,-1.,-6.50521303491317E-15));
#2662=DIRECTION('ref_axis',(0.,6.50521303491317E-15,-1.));
#2663=DIRECTION('',(0.,6.50521303491317E-15,-1.));
#2664=DIRECTION('',(1.,0.,0.));
#2665=DIRECTION('',(0.,6.50521303491317E-15,-1.));
#2666=DIRECTION('center_axis',(0.,1.,0.));
#2667=DIRECTION('ref_axis',(0.,0.,1.));
#2668=DIRECTION('',(0.,1.,0.));
#2669=DIRECTION('center_axis',(0.,1.,0.));
#2670=DIRECTION('ref_axis',(0.,0.,1.));
#2671=DIRECTION('center_axis',(0.,1.,0.));
#2672=DIRECTION('ref_axis',(0.,0.,1.));
#2673=DIRECTION('',(0.,1.,0.));
#2674=DIRECTION('center_axis',(0.,1.,0.));
#2675=DIRECTION('ref_axis',(0.,0.,1.));
#2676=DIRECTION('center_axis',(1.,0.,0.));
#2677=DIRECTION('ref_axis',(0.,0.,-1.));
#2678=DIRECTION('',(0.,0.951056516295155,0.309016994374942));
#2679=DIRECTION('',(0.,-1.,-6.60240125092298E-15));
#2680=DIRECTION('',(0.,1.,-5.37380930329047E-16));
#2681=DIRECTION('center_axis',(0.,-6.60240125092298E-15,1.));
#2682=DIRECTION('ref_axis',(0.,-1.,-6.60240125092298E-15));
#2683=DIRECTION('',(0.,-1.,-6.60240125092298E-15));
#2684=DIRECTION('',(1.,0.,0.));
#2685=DIRECTION('center_axis',(1.,0.,0.));
#2686=DIRECTION('ref_axis',(0.,0.,-1.));
#2687=DIRECTION('',(0.,0.951056516295155,0.309016994374942));
#2688=DIRECTION('',(0.,1.,-5.37380930329047E-16));
#2689=DIRECTION('center_axis',(1.,0.,0.));
#2690=DIRECTION('ref_axis',(0.,0.,-1.));
#2691=DIRECTION('',(0.,0.951056516295155,0.309016994374942));
#2692=DIRECTION('',(0.,-1.,-6.60240125092298E-15));
#2693=DIRECTION('',(0.,-1.,-6.60240125092298E-15));
#2694=DIRECTION('',(0.,6.50521303491317E-15,-1.));
#2695=DIRECTION('',(0.,1.,-5.37380930329047E-16));
#2696=DIRECTION('center_axis',(0.,-1.,-6.50521303491317E-15));
#2697=DIRECTION('ref_axis',(0.,6.50521303491317E-15,-1.));
#2698=DIRECTION('',(0.,6.50521303491317E-15,-1.));
#2699=DIRECTION('',(1.,0.,0.));
#2700=DIRECTION('',(1.,0.,0.));
#2701=DIRECTION('center_axis',(1.,0.,0.));
#2702=DIRECTION('ref_axis',(0.,0.,-1.));
#2703=DIRECTION('',(0.,-1.,-6.60240125092298E-15));
#2704=DIRECTION('',(0.,0.951056516295155,0.309016994374942));
#2705=DIRECTION('',(0.,1.,-5.37380930329047E-16));
#2706=DIRECTION('',(0.,-1.,-6.60240125092298E-15));
#2707=DIRECTION('center_axis',(0.,-6.60240125092298E-15,1.));
#2708=DIRECTION('ref_axis',(0.,-1.,-6.60240125092298E-15));
#2709=DIRECTION('',(-1.,0.,0.));
#2710=DIRECTION('',(1.,0.,0.));
#2711=DIRECTION('center_axis',(0.,-1.,1.08420217264023E-15));
#2712=DIRECTION('ref_axis',(0.,-1.08420217264023E-15,-1.));
#2713=DIRECTION('center_axis',(0.,0.,1.));
#2714=DIRECTION('ref_axis',(1.,0.,0.));
#2715=DIRECTION('',(1.,0.,0.));
#2716=DIRECTION('',(0.,-1.,0.));
#2717=DIRECTION('',(-1.,0.,0.));
#2718=DIRECTION('',(0.,-1.,0.));
#2719=DIRECTION('',(1.,0.,0.));
#2720=DIRECTION('',(1.,0.,0.));
#2721=DIRECTION('center_axis',(0.,-1.,0.));
#2722=DIRECTION('ref_axis',(0.,0.,-1.));
#2723=DIRECTION('',(0.,0.,-1.));
#2724=DIRECTION('',(1.,0.,0.));
#2725=DIRECTION('',(0.,0.,-1.));
#2726=DIRECTION('',(1.,0.,0.));
#2727=DIRECTION('center_axis',(0.,-0.258819045102517,-0.965925826289069));
#2728=DIRECTION('ref_axis',(0.,0.965925826289069,-0.258819045102517));
#2729=DIRECTION('',(0.,0.965925826289069,-0.258819045102517));
#2730=DIRECTION('',(-1.,0.,0.));
#2731=DIRECTION('',(0.,0.965925826289069,-0.258819045102517));
#2732=DIRECTION('center_axis',(1.,0.,0.));
#2733=DIRECTION('ref_axis',(0.,0.,-1.));
#2734=DIRECTION('center_axis',(-1.,0.,0.));
#2735=DIRECTION('ref_axis',(0.,0.,-1.));
#2736=DIRECTION('center_axis',(1.,0.,0.));
#2737=DIRECTION('ref_axis',(0.,5.78241158658936E-15,1.));
#2738=DIRECTION('',(1.,0.,0.));
#2739=DIRECTION('center_axis',(0.,-1.,0.));
#2740=DIRECTION('ref_axis',(0.,0.,-1.));
#2741=DIRECTION('',(0.,0.,-1.));
#2742=DIRECTION('',(-1.,0.,0.));
#2743=DIRECTION('',(0.,0.,1.));
#2744=DIRECTION('center_axis',(1.,0.,0.));
#2745=DIRECTION('ref_axis',(0.,0.,-1.));
#2746=DIRECTION('center_axis',(-1.,0.,0.));
#2747=DIRECTION('ref_axis',(0.,0.,-1.));
#2748=DIRECTION('center_axis',(1.,0.,0.));
#2749=DIRECTION('ref_axis',(0.,0.,1.));
#2750=DIRECTION('',(1.,0.,0.));
#2751=DIRECTION('center_axis',(0.,-0.309016994374942,0.951056516295155));
#2752=DIRECTION('ref_axis',(0.,-0.951056516295155,-0.309016994374942));
#2753=DIRECTION('',(0.,-0.951056516295155,-0.309016994374942));
#2754=DIRECTION('',(0.,-0.951056516295155,-0.309016994374942));
#2755=DIRECTION('center_axis',(0.,0.,-1.));
#2756=DIRECTION('ref_axis',(-1.,0.,0.));
#2757=DIRECTION('',(-1.,0.,0.));
#2758=DIRECTION('',(0.,-1.,0.));
#2759=DIRECTION('',(1.,0.,0.));
#2760=DIRECTION('',(0.,1.,0.));
#2761=DIRECTION('',(-1.,0.,0.));
#2762=DIRECTION('center_axis',(0.,0.499999999999995,-0.866025403784442));
#2763=DIRECTION('ref_axis',(0.,0.866025403784442,0.499999999999995));
#2764=DIRECTION('',(0.,-0.866025403784442,-0.499999999999995));
#2765=DIRECTION('',(0.,-0.866025403784442,-0.499999999999995));
#2766=DIRECTION('',(-1.,0.,0.));
#2767=DIRECTION('center_axis',(0.,-1.,0.));
#2768=DIRECTION('ref_axis',(0.,0.,-1.));
#2769=DIRECTION('',(0.,0.,-1.));
#2770=DIRECTION('',(1.,0.,0.));
#2771=DIRECTION('',(0.,0.,1.));
#2772=DIRECTION('center_axis',(1.,0.,0.));
#2773=DIRECTION('ref_axis',(0.,0.,-1.));
#2774=DIRECTION('',(0.,-1.,0.));
#2775=DIRECTION('center_axis',(-1.,0.,0.));
#2776=DIRECTION('ref_axis',(0.,0.,-1.));
#2777=DIRECTION('center_axis',(1.,0.,0.));
#2778=DIRECTION('ref_axis',(0.,0.,-1.));
#2779=DIRECTION('',(-1.,0.,0.));
#2780=DIRECTION('center_axis',(1.,0.,0.));
#2781=DIRECTION('ref_axis',(0.,0.,1.));
#2782=DIRECTION('center_axis',(-1.,0.,0.));
#2783=DIRECTION('ref_axis',(0.,0.,1.));
#2784=DIRECTION('',(0.,-1.,0.));
#2785=DIRECTION('center_axis',(-1.,0.,0.));
#2786=DIRECTION('ref_axis',(0.,0.,1.));
#2787=DIRECTION('',(0.,0.,1.));
#2788=DIRECTION('',(0.,1.,0.));
#2789=DIRECTION('',(0.,0.,1.));
#2790=DIRECTION('center_axis',(0.,-1.,0.));
#2791=DIRECTION('ref_axis',(0.,0.,-1.));
#2792=DIRECTION('',(-1.,0.,0.));
#2793=DIRECTION('',(0.,0.,1.));
#2794=DIRECTION('center_axis',(1.,0.,0.));
#2795=DIRECTION('ref_axis',(0.,0.,-1.));
#2796=DIRECTION('',(0.,1.,0.));
#2797=DIRECTION('',(0.,0.,1.));
#2798=DIRECTION('center_axis',(-4.03424064180653E-16,1.,0.));
#2799=DIRECTION('ref_axis',(-1.,-4.03424064180653E-16,0.));
#2800=DIRECTION('',(-1.,0.,0.));
#2801=DIRECTION('center_axis',(0.,-1.,1.08420217264023E-15));
#2802=DIRECTION('ref_axis',(0.,-1.08420217264023E-15,-1.));
#2803=DIRECTION('',(0.,1.08420217264023E-15,1.));
#2804=DIRECTION('',(-1.,0.,0.));
#2805=DIRECTION('',(0.,-1.08420217264023E-15,-1.));
#2806=DIRECTION('center_axis',(0.,0.,-1.));
#2807=DIRECTION('ref_axis',(-1.,0.,0.));
#2808=DIRECTION('center_axis',(0.,0.,1.));
#2809=DIRECTION('ref_axis',(1.,0.,0.));
#2810=DIRECTION('',(0.,-1.,1.08420217264023E-15));
#2811=DIRECTION('',(-1.,0.,0.));
#2812=DIRECTION('',(0.,-1.,1.08420217264023E-15));
#2813=DIRECTION('center_axis',(1.,0.,0.));
#2814=DIRECTION('ref_axis',(0.,0.,-1.));
#2815=DIRECTION('',(0.,0.,-1.));
#2816=DIRECTION('center_axis',(-1.,0.,0.));
#2817=DIRECTION('ref_axis',(0.,0.,1.));
#2818=DIRECTION('',(0.,0.,1.));
#2819=DIRECTION('center_axis',(0.,1.,0.));
#2820=DIRECTION('ref_axis',(0.,0.,1.));
#2821=DIRECTION('center_axis',(0.,-1.,0.));
#2822=DIRECTION('ref_axis',(0.,0.,-1.));
#2823=DIRECTION('center_axis',(0.,1.,0.));
#2824=DIRECTION('ref_axis',(0.,0.,1.));
#2825=DIRECTION('',(0.,1.,0.));
#2826=DIRECTION('center_axis',(0.,-1.,0.));
#2827=DIRECTION('ref_axis',(0.,0.,-1.));
#2828=DIRECTION('',(0.,-1.,0.));
#2829=DIRECTION('center_axis',(0.,-1.,0.));
#2830=DIRECTION('ref_axis',(0.,0.,-1.));
#2831=DIRECTION('',(0.,1.,0.));
#2832=DIRECTION('center_axis',(0.,-1.,0.));
#2833=DIRECTION('ref_axis',(0.,0.,-1.));
#2834=DIRECTION('',(0.,-1.,0.));
#2835=DIRECTION('center_axis',(0.,-1.,0.));
#2836=DIRECTION('ref_axis',(0.,0.,-1.));
#2837=DIRECTION('',(0.,1.,0.));
#2838=DIRECTION('center_axis',(0.,-1.,0.));
#2839=DIRECTION('ref_axis',(0.,0.,-1.));
#2840=DIRECTION('center_axis',(0.,-1.,0.));
#2841=DIRECTION('ref_axis',(0.,0.,-1.));
#2842=DIRECTION('',(0.707106781186546,0.,0.707106781186549));
#2843=DIRECTION('center_axis',(0.,1.,0.));
#2844=DIRECTION('ref_axis',(0.,0.,1.));
#2845=DIRECTION('center_axis',(0.,-1.,0.));
#2846=DIRECTION('ref_axis',(0.,0.,-1.));
#2847=DIRECTION('',(-0.707106781186546,0.,-0.707106781186549));
#2848=DIRECTION('center_axis',(0.,-1.,0.));
#2849=DIRECTION('ref_axis',(0.,0.,-1.));
#2850=DIRECTION('',(-0.707106781186546,0.,-0.707106781186549));
#2851=DIRECTION('',(0.707106781186546,0.,0.707106781186549));
#2852=DIRECTION('center_axis',(0.707106781186549,0.,-0.707106781186546));
#2853=DIRECTION('ref_axis',(-0.707106781186546,0.,-0.707106781186549));
#2854=DIRECTION('center_axis',(-0.707106781186549,0.,0.707106781186546));
#2855=DIRECTION('ref_axis',(0.707106781186546,0.,0.707106781186549));
#2856=DIRECTION('center_axis',(0.,0.,1.));
#2857=DIRECTION('ref_axis',(1.,0.,0.));
#2858=DIRECTION('',(0.,1.,0.));
#2859=DIRECTION('',(-1.,0.,0.));
#2860=DIRECTION('',(0.,1.,0.));
#2861=DIRECTION('',(-1.,0.,0.));
#2862=DIRECTION('',(0.,1.,0.));
#2863=DIRECTION('',(-1.,0.,0.));
#2864=DIRECTION('',(-1.40805476946169E-16,-1.,0.));
#2865=DIRECTION('',(1.,0.,0.));
#2866=DIRECTION('center_axis',(0.,-0.499999999999995,0.866025403784442));
#2867=DIRECTION('ref_axis',(0.,-0.866025403784442,-0.499999999999995));
#2868=DIRECTION('',(0.,0.866025403784442,0.499999999999995));
#2869=DIRECTION('',(-1.,0.,0.));
#2870=DIRECTION('',(0.,0.866025403784442,0.499999999999995));
#2871=DIRECTION('center_axis',(0.,-1.,0.));
#2872=DIRECTION('ref_axis',(0.,0.,-1.));
#2873=DIRECTION('',(0.,0.,1.));
#2874=DIRECTION('',(-1.,0.,0.));
#2875=DIRECTION('',(0.,0.,1.));
#2876=DIRECTION('center_axis',(0.,-1.94912750109754E-16,-1.));
#2877=DIRECTION('ref_axis',(0.,1.,-1.94912750109754E-16));
#2878=DIRECTION('',(0.,-1.,1.94912750109754E-16));
#2879=DIRECTION('',(-1.,0.,0.));
#2880=DIRECTION('',(0.,-1.,1.94912750109754E-16));
#2881=DIRECTION('',(3.15808818139739E-11,-1.,0.));
#2882=DIRECTION('',(-1.,0.,0.));
#2883=DIRECTION('',(3.15805806467037E-11,1.,0.));
#2884=DIRECTION('',(1.,0.,0.));
#2885=DIRECTION('center_axis',(0.,1.,0.));
#2886=DIRECTION('ref_axis',(0.,0.,1.));
#2887=DIRECTION('',(0.,0.,-1.));
#2888=DIRECTION('',(0.,0.,-1.));
#2889=DIRECTION('center_axis',(1.,0.,0.));
#2890=DIRECTION('ref_axis',(0.,0.,-1.));
#2891=DIRECTION('center_axis',(1.,0.,0.));
#2892=DIRECTION('ref_axis',(0.,0.,-1.));
#2893=DIRECTION('center_axis',(0.,1.,0.));
#2894=DIRECTION('ref_axis',(0.,0.,1.));
#2895=DIRECTION('',(0.,0.,1.));
#2896=DIRECTION('',(-1.,0.,0.));
#2897=DIRECTION('',(0.,0.,1.));
#2898=DIRECTION('center_axis',(1.,-3.15805806467037E-11,0.));
#2899=DIRECTION('ref_axis',(3.15805806467037E-11,1.,0.));
#2900=DIRECTION('',(3.15805806467037E-11,1.,0.));
#2901=DIRECTION('',(0.,0.,1.));
#2902=DIRECTION('center_axis',(0.,-1.,0.));
#2903=DIRECTION('ref_axis',(0.,0.,-1.));
#2904=DIRECTION('',(1.,0.,0.));
#2905=DIRECTION('',(0.,0.,1.));
#2906=DIRECTION('center_axis',(-1.,-3.15808818139739E-11,0.));
#2907=DIRECTION('ref_axis',(3.15808818139739E-11,-1.,0.));
#2908=DIRECTION('',(3.15808818139739E-11,-1.,0.));
#2909=DIRECTION('center_axis',(0.,0.,1.));
#2910=DIRECTION('ref_axis',(1.,0.,0.));
#2911=DIRECTION('center_axis',(1.,0.,0.));
#2912=DIRECTION('ref_axis',(0.,0.,-1.));
#2913=DIRECTION('',(0.,0.,1.));
#2914=DIRECTION('',(0.,1.,0.));
#2915=DIRECTION('',(0.,0.,1.));
#2916=DIRECTION('center_axis',(0.,-1.,0.));
#2917=DIRECTION('ref_axis',(0.,0.,-1.));
#2918=DIRECTION('',(0.,0.,1.));
#2919=DIRECTION('',(1.,0.,0.));
#2920=DIRECTION('center_axis',(-1.,1.40805476946169E-16,0.));
#2921=DIRECTION('ref_axis',(-1.40805476946169E-16,-1.,0.));
#2922=DIRECTION('',(0.,0.,1.));
#2923=DIRECTION('',(-1.40805476946169E-16,-1.,0.));
#2924=DIRECTION('center_axis',(0.,1.,0.));
#2925=DIRECTION('ref_axis',(0.,0.,1.));
#2926=DIRECTION('',(-1.,0.,0.));
#2927=DIRECTION('center_axis',(0.,0.,-1.));
#2928=DIRECTION('ref_axis',(-1.,0.,0.));
#2929=DIRECTION('center_axis',(-1.,-1.17211045674108E-16,1.72563323017096E-31));
#2930=DIRECTION('ref_axis',(1.17211045674108E-16,-1.,4.93038065763132E-32));
#2931=DIRECTION('',(-1.17211045674108E-16,1.,-4.93038065763132E-32));
#2932=DIRECTION('',(-1.72563323017096E-31,-4.93038065763132E-32,-1.));
#2933=DIRECTION('',(-1.17211045674108E-16,1.,-4.93038065763132E-32));
#2934=DIRECTION('',(-1.72563323017096E-31,-4.93038065763132E-32,-1.));
#2935=DIRECTION('center_axis',(-2.45979188031043E-31,-1.,4.93038065763132E-32));
#2936=DIRECTION('ref_axis',(-1.72563323017096E-31,-4.93038065763133E-32,
-1.));
#2937=DIRECTION('',(-1.,2.45979188031043E-31,1.72563323017096E-31));
#2938=DIRECTION('',(-1.72563323017096E-31,-4.93038065763132E-32,-1.));
#2939=DIRECTION('',(-1.,2.45979188031043E-31,1.72563323017096E-31));
#2940=DIRECTION('center_axis',(1.,1.17211045674108E-16,-1.72563323017096E-31));
#2941=DIRECTION('ref_axis',(-1.17211045674108E-16,1.,-4.93038065763132E-32));
#2942=DIRECTION('',(1.17211045674108E-16,-1.,4.93038065763132E-32));
#2943=DIRECTION('',(1.72563323017096E-31,4.93038065763132E-32,1.));
#2944=DIRECTION('',(1.17211045674108E-16,-1.,4.93038065763132E-32));
#2945=DIRECTION('center_axis',(2.45979188031043E-31,1.,-4.93038065763132E-32));
#2946=DIRECTION('ref_axis',(1.72563323017096E-31,4.93038065763133E-32,1.));
#2947=DIRECTION('',(1.,-2.45979188031043E-31,-1.72563323017096E-31));
#2948=DIRECTION('',(-1.72563323017096E-31,-4.93038065763132E-32,-1.));
#2949=DIRECTION('',(1.,-2.45979188031043E-31,-1.72563323017096E-31));
#2950=DIRECTION('',(1.72563323017096E-31,4.93038065763132E-32,1.));
#2951=DIRECTION('center_axis',(1.72563323017096E-31,4.93038065763132E-32,
1.));
#2952=DIRECTION('ref_axis',(1.,-2.45979188031043E-31,-1.72563323017096E-31));
#2953=DIRECTION('',(0.2164396139381,-0.976296007119934,1.07855704825722E-32));
#2954=DIRECTION('',(0.2164396139381,0.976296007119934,-8.54846485099642E-32));
#2955=DIRECTION('center_axis',(1.72563323017096E-31,4.93038065763132E-32,
1.));
#2956=DIRECTION('ref_axis',(1.,-2.45979188031043E-31,-1.72563323017096E-31));
#2957=DIRECTION('',(-0.2164396139381,0.976296007119934,-1.07855704825722E-32));
#2958=DIRECTION('',(-0.2164396139381,-0.976296007119934,8.54846485099642E-32));
#2959=DIRECTION('center_axis',(0.976296007119934,0.2164396139381,-1.79144180097995E-31));
#2960=DIRECTION('ref_axis',(-1.72563323017096E-31,-4.93038065763133E-32,
-1.));
#2961=DIRECTION('center_axis',(-0.976296007119934,0.2164396139381,1.57801586375883E-31));
#2962=DIRECTION('ref_axis',(-1.72563323017096E-31,-4.93038065763133E-32,
-1.));
#2963=DIRECTION('',(-3.25976372854333E-16,-1.6592564242686E-16,0.999999999999999));
#2964=DIRECTION('',(1.,4.44089209850063E-16,-2.22044604925031E-16));
#2965=CARTESIAN_POINT('',(0.,0.,0.));
#2966=CARTESIAN_POINT('',(0.,0.,0.));
#2967=CARTESIAN_POINT('Origin',(-1.27,11.6198484809835,-8.67361737988404E-16));
#2968=CARTESIAN_POINT('',(-1.27,6.95,1.05));
#2969=CARTESIAN_POINT('Origin',(-1.27,6.95,-8.67361737988404E-16));
#2970=CARTESIAN_POINT('',(-1.27,7.75,1.05));
#2971=CARTESIAN_POINT('',(-1.27,11.6198484809835,1.05));
#2972=CARTESIAN_POINT('',(-2.16788695038943,7.75,-0.544333559796163));
#2973=CARTESIAN_POINT('Origin',(-1.27,7.75,-8.67361737988404E-16));
#2974=CARTESIAN_POINT('',(-2.16788695038943,7.15,-0.544333559796163));
#2975=CARTESIAN_POINT('',(-2.16788695038943,11.6198484809835,-0.544333559796164));
#2976=CARTESIAN_POINT('',(-1.81433355979616,7.15,-0.897886950389438));
#2977=CARTESIAN_POINT('Origin',(-1.27,7.15,-8.67361737988404E-16));
#2978=CARTESIAN_POINT('',(-1.81433355979616,7.75,-0.897886950389437));
#2979=CARTESIAN_POINT('',(-1.81433355979616,11.6198484809835,-0.897886950389438));
#2980=CARTESIAN_POINT('',(-0.372113049610563,7.75,0.544333559796162));
#2981=CARTESIAN_POINT('Origin',(-1.27,7.75,-8.67361737988404E-16));
#2982=CARTESIAN_POINT('',(-0.372113049610565,7.15,0.54433355979616));
#2983=CARTESIAN_POINT('',(-0.372113049610565,11.6198484809835,0.544333559796161));
#2984=CARTESIAN_POINT('',(-0.725666440203841,7.15,0.897886950389435));
#2985=CARTESIAN_POINT('Origin',(-1.27,7.15,-8.67361737988404E-16));
#2986=CARTESIAN_POINT('',(-0.725666440203841,7.75,0.897886950389435));
#2987=CARTESIAN_POINT('',(-0.72566644020384,11.6198484809835,0.897886950389435));
#2988=CARTESIAN_POINT('Origin',(-1.27,7.75,-8.67361737988404E-16));
#2989=CARTESIAN_POINT('Origin',(0.,7.75,0.));
#2990=CARTESIAN_POINT('',(-0.458223304703364,7.75,0.458223304703362));
#2991=CARTESIAN_POINT('Origin',(-1.27,6.95,-8.67361737988404E-16));
#2992=CARTESIAN_POINT('Origin',(0.,7.75,0.));
#2993=CARTESIAN_POINT('',(-0.81177669529664,7.75,0.811776695296636));
#2994=CARTESIAN_POINT('Origin',(0.,7.15,0.));
#2995=CARTESIAN_POINT('',(-5.6894173824159,7.15,-4.7729707730092));
#2996=CARTESIAN_POINT('',(-6.04297077300918,7.15,-4.41941738241592));
#2997=CARTESIAN_POINT('Origin',(-5.6894173824159,7.15,-4.7729707730092));
#2998=CARTESIAN_POINT('Origin',(-6.04297077300918,7.15,-4.41941738241592));
#2999=CARTESIAN_POINT('Origin',(-0.194999999999999,0.15,-2.6));
#3000=CARTESIAN_POINT('',(-2.345,0.15,-2.6));
#3001=CARTESIAN_POINT('',(-2.345,3.34999999999996,-2.6));
#3002=CARTESIAN_POINT('',(-2.345,0.15,-2.6));
#3003=CARTESIAN_POINT('',(-0.194999999999999,3.34999999999996,-2.6));
#3004=CARTESIAN_POINT('',(-0.194999999999999,3.34999999999996,-2.6));
#3005=CARTESIAN_POINT('',(-0.194999999999999,0.15,-2.6));
#3006=CARTESIAN_POINT('',(-0.194999999999999,0.15,-2.6));
#3007=CARTESIAN_POINT('',(-0.194999999999999,0.15,-2.6));
#3008=CARTESIAN_POINT('',(-1.77,1.64999999999997,-2.6));
#3009=CARTESIAN_POINT('',(-1.77,2.41999999999997,-2.6));
#3010=CARTESIAN_POINT('',(-1.77,2.41999999999997,-2.6));
#3011=CARTESIAN_POINT('',(-0.769999999999999,1.64999999999997,-2.6));
#3012=CARTESIAN_POINT('',(-0.769999999999999,1.64999999999997,-2.6));
#3013=CARTESIAN_POINT('',(-0.769999999999999,2.41999999999997,-2.6));
#3014=CARTESIAN_POINT('',(-0.769999999999999,2.41999999999997,-2.6));
#3015=CARTESIAN_POINT('',(-0.769999999999999,2.41999999999997,-2.6));
#3016=CARTESIAN_POINT('Origin',(-0.194999999999999,3.34999999999996,-2.6));
#3017=CARTESIAN_POINT('',(-2.345,4.6,-1.87831216351296));
#3018=CARTESIAN_POINT('',(-2.345,3.34999999999996,-2.6));
#3019=CARTESIAN_POINT('',(-0.194999999999999,4.6,-1.87831216351296));
#3020=CARTESIAN_POINT('',(-0.194999999999999,4.6,-1.87831216351296));
#3021=CARTESIAN_POINT('',(-0.194999999999999,3.34999999999996,-2.6));
#3022=CARTESIAN_POINT('Origin',(-0.194999999999999,4.6,-1.87831216351296));
#3023=CARTESIAN_POINT('',(-2.345,4.6,1.55000000005708));
#3024=CARTESIAN_POINT('',(-2.345,4.6,-1.87831216351296));
#3025=CARTESIAN_POINT('',(-0.194999999999999,4.6,1.55000000005708));
#3026=CARTESIAN_POINT('',(-0.194999999999999,4.6,1.55000000005708));
#3027=CARTESIAN_POINT('',(-0.194999999999999,4.6,-1.87831216351296));
#3028=CARTESIAN_POINT('Origin',(-0.194999999999999,4.6,1.55000000005708));
#3029=CARTESIAN_POINT('',(-2.345,0.15,1.55000000005708));
#3030=CARTESIAN_POINT('',(-2.345,4.6,1.55000000005708));
#3031=CARTESIAN_POINT('',(-0.194999999999999,0.15,1.55000000005708));
#3032=CARTESIAN_POINT('',(-0.194999999999999,0.15,1.55000000005708));
#3033=CARTESIAN_POINT('',(-0.194999999999999,4.6,1.55000000005708));
#3034=CARTESIAN_POINT('',(-1.97000000005684,3.1,1.55000000005708));
#3035=CARTESIAN_POINT('',(-1.97,1.3,1.55000000005708));
#3036=CARTESIAN_POINT('',(-1.97000000005684,3.1,1.55000000005708));
#3037=CARTESIAN_POINT('',(-0.569999999943154,3.1,1.55000000005708));
#3038=CARTESIAN_POINT('',(-0.569999999943154,3.1,1.55000000005708));
#3039=CARTESIAN_POINT('',(-0.569999999999999,1.3,1.55000000005708));
#3040=CARTESIAN_POINT('',(-0.569999999943154,3.1,1.55000000005708));
#3041=CARTESIAN_POINT('',(-0.569999999999999,1.3,1.55000000005708));
#3042=CARTESIAN_POINT('Origin',(-0.194999999999999,0.15,1.55000000005708));
#3043=CARTESIAN_POINT('',(-2.345,0.15,1.55000000005708));
#3044=CARTESIAN_POINT('',(-0.194999999999999,0.15,1.55000000005708));
#3045=CARTESIAN_POINT('Origin',(-0.194999999999999,0.,0.));
#3046=CARTESIAN_POINT('Origin',(-2.345,0.,0.));
#3047=CARTESIAN_POINT('Origin',(-0.569999999943154,3.1,-2.09999999994292));
#3048=CARTESIAN_POINT('',(-1.97000000005684,3.1,-2.09999999994292));
#3049=CARTESIAN_POINT('',(-1.97000000005684,3.1,-2.09999999994292));
#3050=CARTESIAN_POINT('',(-0.569999999943154,3.1,-2.09999999994292));
#3051=CARTESIAN_POINT('',(-0.569999999943154,3.1,-2.09999999994292));
#3052=CARTESIAN_POINT('',(-0.569999999943154,3.1,-2.09999999994292));
#3053=CARTESIAN_POINT('Origin',(-0.569999999943154,3.1,-2.09999999994292));
#3054=CARTESIAN_POINT('',(-0.569999999999999,1.3,-2.09999999994292));
#3055=CARTESIAN_POINT('',(-0.569999999943154,3.1,-2.09999999994292));
#3056=CARTESIAN_POINT('',(-0.569999999999999,1.3,-2.09999999994292));
#3057=CARTESIAN_POINT('Origin',(-0.569999999999999,1.3,-2.09999999994292));
#3058=CARTESIAN_POINT('',(-1.97,1.3,-2.09999999994292));
#3059=CARTESIAN_POINT('',(-0.569999999999999,1.3,-2.09999999994292));
#3060=CARTESIAN_POINT('',(-1.97,1.3,-2.09999999994292));
#3061=CARTESIAN_POINT('Origin',(-1.97000000005684,3.1,-2.09999999994292));
#3062=CARTESIAN_POINT('',(-1.97000000005684,3.1,-2.09999999994292));
#3063=CARTESIAN_POINT('Origin',(0.,0.,-2.09999999994292));
#3064=CARTESIAN_POINT('Origin',(-1.77,2.41999999999997,-2.85));
#3065=CARTESIAN_POINT('',(-1.77,2.41999999999997,-2.85));
#3066=CARTESIAN_POINT('',(-1.77,2.41999999999997,-2.85));
#3067=CARTESIAN_POINT('',(-1.77,1.64999999999997,-2.85));
#3068=CARTESIAN_POINT('',(-1.77,2.41999999999997,-2.85));
#3069=CARTESIAN_POINT('',(-1.77,1.64999999999997,-2.85));
#3070=CARTESIAN_POINT('Origin',(-0.769999999999999,2.41999999999997,-2.85));
#3071=CARTESIAN_POINT('',(-0.769999999999999,2.41999999999997,-2.85));
#3072=CARTESIAN_POINT('',(-0.769999999999999,2.41999999999997,-2.85));
#3073=CARTESIAN_POINT('',(-0.769999999999999,2.41999999999997,-2.85));
#3074=CARTESIAN_POINT('Origin',(-0.769999999999999,2.41999999999997,-2.85));
#3075=CARTESIAN_POINT('',(-0.769999999999999,1.64999999999997,-2.85));
#3076=CARTESIAN_POINT('',(-0.769999999999999,1.64999999999997,-2.85));
#3077=CARTESIAN_POINT('',(-0.769999999999999,2.41999999999997,-2.85));
#3078=CARTESIAN_POINT('Origin',(-0.769999999999999,1.64999999999997,-2.85));
#3079=CARTESIAN_POINT('',(-0.769999999999999,1.64999999999997,-2.85));
#3080=CARTESIAN_POINT('Origin',(0.,0.,-2.85));
#3081=CARTESIAN_POINT('Origin',(-0.820000000000003,1.38777878078145E-15,
0.500000000000001));
#3082=CARTESIAN_POINT('',(-0.820000000000003,-2.69999999999998,0.500000000000001));
#3083=CARTESIAN_POINT('',(-0.820000000000003,1.38777878078145E-15,0.500000000000001));
#3084=CARTESIAN_POINT('',(-0.820000000000003,1.38777878078145E-15,0.500000000000001));
#3085=CARTESIAN_POINT('',(-0.820000000000003,-2.69999999999998,1.31838984174237E-15));
#3086=CARTESIAN_POINT('',(-0.820000000000003,-2.69999999999998,0.500000000000001));
#3087=CARTESIAN_POINT('',(-0.820000000000003,1.38777878078145E-15,1.31838984174237E-15));
#3088=CARTESIAN_POINT('',(-0.820000000000003,1.38777878078145E-15,1.31838984174237E-15));
#3089=CARTESIAN_POINT('',(-0.820000000000003,1.38777878078145E-15,0.500000000000001));
#3090=CARTESIAN_POINT('Origin',(-1.72,1.38777878078145E-15,0.500000000000001));
#3091=CARTESIAN_POINT('',(-1.72,1.38777878078145E-15,1.31838984174237E-15));
#3092=CARTESIAN_POINT('',(-1.72,1.38777878078145E-15,1.31838984174237E-15));
#3093=CARTESIAN_POINT('',(-1.72,1.38777878078145E-15,0.500000000000001));
#3094=CARTESIAN_POINT('',(-1.72,1.38777878078145E-15,0.500000000000001));
#3095=CARTESIAN_POINT('',(-1.72,1.38777878078145E-15,0.500000000000001));
#3096=CARTESIAN_POINT('Origin',(-1.72,1.38777878078145E-15,0.500000000000001));
#3097=CARTESIAN_POINT('',(-1.72,-2.69999999999998,1.31838984174237E-15));
#3098=CARTESIAN_POINT('',(-1.72,1.38777878078145E-15,1.31838984174237E-15));
#3099=CARTESIAN_POINT('',(-1.72,-2.69999999999998,0.500000000000001));
#3100=CARTESIAN_POINT('',(-1.72,-2.69999999999998,0.500000000000001));
#3101=CARTESIAN_POINT('',(-1.72,1.38777878078145E-15,0.500000000000001));
#3102=CARTESIAN_POINT('Origin',(-1.72,-3.7,0.500000000000001));
#3103=CARTESIAN_POINT('',(-1.49830533735706,-3.7,0.500000000000001));
#3104=CARTESIAN_POINT('',(-1.04169466264294,-3.7,0.500000000000001));
#3105=CARTESIAN_POINT('',(-1.72,-3.7,0.500000000000001));
#3106=CARTESIAN_POINT('',(-1.49830533735706,-3.7,1.31838984174237E-15));
#3107=CARTESIAN_POINT('',(-1.49830533735706,-3.7,0.500000000000001));
#3108=CARTESIAN_POINT('',(-1.04169466264294,-3.7,1.31838984174237E-15));
#3109=CARTESIAN_POINT('',(-1.72,-3.7,1.31838984174237E-15));
#3110=CARTESIAN_POINT('',(-1.04169466264294,-3.7,0.500000000000001));
#3111=CARTESIAN_POINT('Origin',(-3.88578058618805E-15,1.38777878078145E-15,
0.500000000000001));
#3112=CARTESIAN_POINT('',(-2.20995935020146,-0.489936192597513,0.500000000000001));
#3113=CARTESIAN_POINT('',(-0.211051539335096,0.0467889998131672,0.500000000000001));
#3114=CARTESIAN_POINT('Origin',(-3.88578058618805E-15,1.38777878078145E-15,
1.31838984174237E-15));
#3115=CARTESIAN_POINT('',(-1.49830533735706,-3.7,1.31838984174237E-15));
#3116=CARTESIAN_POINT('',(-0.820000000000003,-2.69999999999998,1.31838984174237E-15));
#3117=CARTESIAN_POINT('Origin',(-1.49830533735706,-3.7,0.500000000000001));
#3118=CARTESIAN_POINT('Origin',(-0.820000000000003,-2.69999999999998,0.500000000000001));
#3119=CARTESIAN_POINT('Origin',(-2.19855339,5.6512652982049,2.17855339));
#3120=CARTESIAN_POINT('',(-1.97000000005684,3.1,1.95000000005684));
#3121=CARTESIAN_POINT('',(-2.345,4.49951905262623,2.325));
#3122=CARTESIAN_POINT('',(-1.85856244653022,2.68410938836746,1.83856244653022));
#3123=CARTESIAN_POINT('',(-2.345,0.924999999999999,2.325));
#3124=CARTESIAN_POINT('',(-2.345,2.90063264910245,2.325));
#3125=CARTESIAN_POINT('',(-1.97,1.3,1.95));
#3126=CARTESIAN_POINT('',(-2.145,1.125,2.125));
#3127=CARTESIAN_POINT('',(-1.97,5.6512652982049,1.95));
#3128=CARTESIAN_POINT('Origin',(-0.194999999999999,0.15,3.1));
#3129=CARTESIAN_POINT('',(-2.345,0.15,3.1));
#3130=CARTESIAN_POINT('',(-2.345,0.15,3.1));
#3131=CARTESIAN_POINT('',(-0.194999999999999,0.15,3.1));
#3132=CARTESIAN_POINT('',(-2.345,0.15,3.1));
#3133=CARTESIAN_POINT('',(-0.194999999999999,0.925,2.325));
#3134=CARTESIAN_POINT('',(-0.194999999999999,0.15,3.1));
#3135=CARTESIAN_POINT('',(-0.569999999999999,1.3,1.95));
#3136=CARTESIAN_POINT('',(0.321666666666667,0.408333333333332,2.84166666666667));
#3137=CARTESIAN_POINT('',(-0.194999999999999,1.3,1.95));
#3138=CARTESIAN_POINT('Origin',(-0.194999999999999,3.1,1.95000000005684));
#3139=CARTESIAN_POINT('',(-0.569999999943154,3.1,1.95000000005684));
#3140=CARTESIAN_POINT('',(-0.194999999999999,3.1,1.95000000005684));
#3141=CARTESIAN_POINT('',(-0.194999999999999,4.49951905262623,2.325));
#3142=CARTESIAN_POINT('',(-0.546456854836218,3.18786421370905,1.97354314516378));
#3143=CARTESIAN_POINT('',(-0.194999999999999,4.6,2.35192378870351));
#3144=CARTESIAN_POINT('',(-0.194999999999999,1.15505626470188,1.42885389685976));
#3145=CARTESIAN_POINT('',(-2.345,4.6,2.35192378870351));
#3146=CARTESIAN_POINT('',(-1.27,4.6,2.35192378870351));
#3147=CARTESIAN_POINT('',(-2.345,1.15505626470188,1.42885389685976));
#3148=CARTESIAN_POINT('Origin',(-2.345,0.15,-2.6));
#3149=CARTESIAN_POINT('',(-2.345,4.6,3.1));
#3150=CARTESIAN_POINT('',(-2.345,4.6,-2.6));
#3151=CARTESIAN_POINT('',(-2.345,0.15,3.1));
#3152=CARTESIAN_POINT('Origin',(-2.345,4.6,-2.6));
#3153=CARTESIAN_POINT('',(-0.194999999999999,4.6,3.1));
#3154=CARTESIAN_POINT('',(-0.194999999999999,4.6,-2.6));
#3155=CARTESIAN_POINT('',(-2.345,4.6,3.1));
#3156=CARTESIAN_POINT('Origin',(0.341446610000002,5.6512652982049,2.17855339));
#3157=CARTESIAN_POINT('',(0.569999999943156,3.1,1.95000000005684));
#3158=CARTESIAN_POINT('',(0.195000000000001,4.49951905262623,2.325));
#3159=CARTESIAN_POINT('',(0.681437553469778,2.68410938836746,1.83856244653022));
#3160=CARTESIAN_POINT('',(0.195000000000001,0.924999999999999,2.325));
#3161=CARTESIAN_POINT('',(0.195000000000001,2.90063264910245,2.325));
#3162=CARTESIAN_POINT('',(0.570000000000002,1.3,1.95));
#3163=CARTESIAN_POINT('',(0.394999999999998,1.125,2.125));
#3164=CARTESIAN_POINT('',(0.570000000000001,5.6512652982049,1.95));
#3165=CARTESIAN_POINT('Origin',(2.345,0.15,3.1));
#3166=CARTESIAN_POINT('',(0.195000000000001,0.15,3.1));
#3167=CARTESIAN_POINT('',(0.195000000000001,0.15,3.1));
#3168=CARTESIAN_POINT('',(2.345,0.15,3.1));
#3169=CARTESIAN_POINT('',(0.195000000000001,0.15,3.1));
#3170=CARTESIAN_POINT('',(2.345,0.925,2.325));
#3171=CARTESIAN_POINT('',(2.345,0.15,3.1));
#3172=CARTESIAN_POINT('',(1.97,1.3,1.95));
#3173=CARTESIAN_POINT('',(2.86166666666667,0.408333333333332,2.84166666666667));
#3174=CARTESIAN_POINT('',(2.345,1.3,1.95));
#3175=CARTESIAN_POINT('Origin',(2.345,3.1,1.95000000005684));
#3176=CARTESIAN_POINT('',(1.97000000005685,3.1,1.95000000005684));
#3177=CARTESIAN_POINT('',(2.345,3.1,1.95000000005684));
#3178=CARTESIAN_POINT('',(2.345,4.49951905262623,2.325));
#3179=CARTESIAN_POINT('',(1.99354314516378,3.18786421370905,1.97354314516378));
#3180=CARTESIAN_POINT('',(2.345,4.6,2.35192378870351));
#3181=CARTESIAN_POINT('',(2.345,1.15505626470188,1.42885389685976));
#3182=CARTESIAN_POINT('',(0.195000000000001,4.6,2.35192378870351));
#3183=CARTESIAN_POINT('',(1.27,4.6,2.35192378870351));
#3184=CARTESIAN_POINT('',(0.195000000000001,1.15505626470188,1.42885389685976));
#3185=CARTESIAN_POINT('Origin',(0.195000000000001,0.15,-2.6));
#3186=CARTESIAN_POINT('',(0.195000000000001,4.6,3.1));
#3187=CARTESIAN_POINT('',(0.195000000000001,4.6,-2.6));
#3188=CARTESIAN_POINT('',(0.195000000000001,0.15,3.1));
#3189=CARTESIAN_POINT('Origin',(0.195000000000001,4.6,-2.6));
#3190=CARTESIAN_POINT('',(2.345,4.6,3.1));
#3191=CARTESIAN_POINT('',(2.345,4.6,-2.6));
#3192=CARTESIAN_POINT('',(0.195000000000001,4.6,3.1));
#3193=CARTESIAN_POINT('Origin',(2.19855339,5.6512652982049,2.17855338999999));
#3194=CARTESIAN_POINT('',(2.345,2.90063264910245,2.325));
#3195=CARTESIAN_POINT('',(1.97,5.6512652982049,1.95));
#3196=CARTESIAN_POINT('Origin',(-0.341446609999999,5.6512652982049,2.17855338999999));
#3197=CARTESIAN_POINT('',(-0.194999999999999,2.90063264910245,2.325));
#3198=CARTESIAN_POINT('',(-0.569999999999999,5.6512652982049,1.95));
#3199=CARTESIAN_POINT('Origin',(2.345,0.15,-2.6));
#3200=CARTESIAN_POINT('',(2.345,0.15,3.1));
#3201=CARTESIAN_POINT('Origin',(-0.194999999999999,0.15,-2.6));
#3202=CARTESIAN_POINT('',(-0.194999999999999,0.15,3.1));
#3203=CARTESIAN_POINT('Origin',(-2.345,0.15,-2.6));
#3204=CARTESIAN_POINT('',(-2.345,4.6,-1.87831216351296));
#3205=CARTESIAN_POINT('',(-2.345,3.34999999999996,-2.6));
#3206=CARTESIAN_POINT('',(-2.345,4.6,-1.87831216351296));
#3207=CARTESIAN_POINT('',(-2.345,4.6,1.55000000005708));
#3208=CARTESIAN_POINT('',(-2.345,4.6,-2.6));
#3209=CARTESIAN_POINT('',(-2.345,0.15,1.55000000005708));
#3210=CARTESIAN_POINT('',(-2.345,1.3,1.55000000005708));
#3211=CARTESIAN_POINT('',(-2.345,0.15,-2.6));
#3212=CARTESIAN_POINT('',(-2.345,0.15,-2.6));
#3213=CARTESIAN_POINT('',(-2.345,0.15,-2.6));
#3214=CARTESIAN_POINT('Origin',(-2.345,0.15,-2.6));
#3215=CARTESIAN_POINT('',(-0.194999999999999,0.15,1.55000000005708));
#3216=CARTESIAN_POINT('',(-0.194999999999999,0.15,1.55000000005708));
#3217=CARTESIAN_POINT('',(-0.194999999999999,0.15,-2.6));
#3218=CARTESIAN_POINT('',(-0.194999999999999,0.15,-2.6));
#3219=CARTESIAN_POINT('',(-2.345,0.15,-2.6));
#3220=CARTESIAN_POINT('Origin',(-0.194999999999999,0.15,-2.6));
#3221=CARTESIAN_POINT('',(-0.194999999999999,4.6,-1.87831216351296));
#3222=CARTESIAN_POINT('',(-0.194999999999999,3.34999999999996,-2.6));
#3223=CARTESIAN_POINT('',(-0.194999999999999,4.6,-1.87831216351296));
#3224=CARTESIAN_POINT('',(-0.194999999999999,0.15,-2.6));
#3225=CARTESIAN_POINT('',(-0.194999999999999,4.6,1.55000000005708));
#3226=CARTESIAN_POINT('',(-0.194999999999999,1.3,1.55000000005708));
#3227=CARTESIAN_POINT('',(-0.194999999999999,4.6,-2.6));
#3228=CARTESIAN_POINT('Origin',(-2.345,4.6,-2.6));
#3229=CARTESIAN_POINT('',(-0.194999999999999,4.6,-1.87831216351296));
#3230=CARTESIAN_POINT('',(-0.194999999999999,4.6,1.55000000005708));
#3231=CARTESIAN_POINT('Origin',(-0.194999999999999,3.1,1.55000000005708));
#3232=CARTESIAN_POINT('',(-0.569999999999999,3.1,1.55000000005708));
#3233=CARTESIAN_POINT('',(-0.569999999999999,3.1,1.55000000005708));
#3234=CARTESIAN_POINT('',(-1.97,3.1,1.55000000005708));
#3235=CARTESIAN_POINT('',(-1.97,3.1,1.55000000005708));
#3236=CARTESIAN_POINT('',(-0.194999999999999,3.1,1.55000000005708));
#3237=CARTESIAN_POINT('Origin',(-1.27,6.95,-8.67361737988404E-16));
#3238=CARTESIAN_POINT('',(-1.27,6.95,-1.1));
#3239=CARTESIAN_POINT('Origin',(-1.27,6.95,-8.67361737988404E-16));
#3240=CARTESIAN_POINT('Origin',(1.27,6.95,-8.67361737988404E-16));
#3241=CARTESIAN_POINT('',(1.27,6.95,-1.1));
#3242=CARTESIAN_POINT('Origin',(1.27,6.95,-8.67361737988404E-16));
#3243=CARTESIAN_POINT('Origin',(-0.194999999999999,4.6,-1.87831216351296));
#3244=CARTESIAN_POINT('',(-1.97,3.34999999999996,-2.6));
#3245=CARTESIAN_POINT('',(-0.194999999999999,3.34999999999996,-2.6));
#3246=CARTESIAN_POINT('',(-0.569999999999999,3.34999999999996,-2.6));
#3247=CARTESIAN_POINT('',(-0.194999999999999,3.34999999999996,-2.6));
#3248=CARTESIAN_POINT('',(-0.194999999999999,3.34999999999996,-2.6));
#3249=CARTESIAN_POINT('Origin',(0.,0.,-2.6));
#3250=CARTESIAN_POINT('',(-0.569999999999999,1.64999999999996,-2.60000000000001));
#3251=CARTESIAN_POINT('',(-0.569999999999999,4.80289557853083,-2.59999999999999));
#3252=CARTESIAN_POINT('',(-1.97,1.64999999999996,-2.60000000000001));
#3253=CARTESIAN_POINT('',(-1.97,1.64999999999996,-2.60000000000001));
#3254=CARTESIAN_POINT('',(-1.97,4.80289557853083,-2.59999999999999));
#3255=CARTESIAN_POINT('Origin',(-1.97,5.6512652982049,1.95));
#3256=CARTESIAN_POINT('',(-1.97,1.3,1.55000000005708));
#3257=CARTESIAN_POINT('',(-1.97,1.3,1.95));
#3258=CARTESIAN_POINT('',(-1.97,5.6512652982049,1.55000000005708));
#3259=CARTESIAN_POINT('Origin',(-0.194999999999999,1.3,1.55000000005708));
#3260=CARTESIAN_POINT('',(-0.569999999999999,1.3,1.55000000005708));
#3261=CARTESIAN_POINT('',(-0.194999999999999,1.3,1.55000000005708));
#3262=CARTESIAN_POINT('',(-0.569999999999999,5.6512652982049,1.55000000005708));
#3263=CARTESIAN_POINT('Origin',(-0.569999999999999,5.6512652982049,1.95));
#3264=CARTESIAN_POINT('',(-0.569999999999999,1.3,1.95));
#3265=CARTESIAN_POINT('Origin',(-1.97,1.64999999999996,-2.60000000000001));
#3266=CARTESIAN_POINT('',(-0.569999999999999,1.64999999999997,-3.1));
#3267=CARTESIAN_POINT('',(-0.569999999999999,1.64999999999996,-2.60000000000001));
#3268=CARTESIAN_POINT('',(-1.97,1.64999999999997,-3.1));
#3269=CARTESIAN_POINT('',(-1.97,1.64999999999997,-3.1));
#3270=CARTESIAN_POINT('',(-1.97,1.64999999999996,-2.60000000000001));
#3271=CARTESIAN_POINT('Origin',(-1.27,6.95,-8.67361737988404E-16));
#3272=CARTESIAN_POINT('',(-1.27,8.65,-1.1));
#3273=CARTESIAN_POINT('',(-1.27,6.95,-1.1));
#3274=CARTESIAN_POINT('Origin',(-1.27,8.65,-8.67361737988404E-16));
#3275=CARTESIAN_POINT('Origin',(1.27,6.95,-8.67361737988404E-16));
#3276=CARTESIAN_POINT('',(1.27,8.65,-1.1));
#3277=CARTESIAN_POINT('',(1.27,6.95,-1.1));
#3278=CARTESIAN_POINT('Origin',(1.27,8.65,-8.67361737988404E-16));
#3279=CARTESIAN_POINT('Origin',(-1.97,0.,0.));
#3280=CARTESIAN_POINT('',(-1.97,3.26405380994314,-3.1));
#3281=CARTESIAN_POINT('',(-1.97,4.80289557853083,-2.59999999999999));
#3282=CARTESIAN_POINT('',(-1.97,4.80289557853083,-2.59999999999999));
#3283=CARTESIAN_POINT('',(-1.97,4.80289557853083,-2.59999999999999));
#3284=CARTESIAN_POINT('',(-1.97,3.26405380994314,-3.1));
#3285=CARTESIAN_POINT('Origin',(-1.97,4.80289557853083,-2.59999999999999));
#3286=CARTESIAN_POINT('',(-0.569999999999999,4.80289557853083,-2.59999999999999));
#3287=CARTESIAN_POINT('',(-0.569999999999999,4.80289557853083,-2.59999999999999));
#3288=CARTESIAN_POINT('',(-1.97,4.80289557853083,-2.59999999999999));
#3289=CARTESIAN_POINT('Origin',(-0.569999999999999,0.,0.));
#3290=CARTESIAN_POINT('',(-0.569999999999999,3.26405380994314,-3.1));
#3291=CARTESIAN_POINT('',(-0.569999999999999,4.80289557853083,-2.59999999999999));
#3292=CARTESIAN_POINT('',(-0.569999999999999,3.26405380994314,-3.1));
#3293=CARTESIAN_POINT('Origin',(0.570000000000001,0.,0.));
#3294=CARTESIAN_POINT('',(0.570000000000001,3.26405380994314,-3.1));
#3295=CARTESIAN_POINT('',(0.570000000000001,4.80289557853083,-2.59999999999999));
#3296=CARTESIAN_POINT('',(0.570000000000001,4.80289557853083,-2.59999999999999));
#3297=CARTESIAN_POINT('',(0.570000000000001,3.34999999999996,-2.6));
#3298=CARTESIAN_POINT('',(0.570000000000001,4.80289557853083,-2.59999999999999));
#3299=CARTESIAN_POINT('',(0.570000000000001,1.64999999999996,-2.60000000000001));
#3300=CARTESIAN_POINT('',(0.570000000000001,4.80289557853083,-2.59999999999999));
#3301=CARTESIAN_POINT('',(0.570000000000001,1.64999999999997,-3.1));
#3302=CARTESIAN_POINT('',(0.570000000000001,1.64999999999996,-2.60000000000001));
#3303=CARTESIAN_POINT('',(0.570000000000001,3.26405380994314,-3.1));
#3304=CARTESIAN_POINT('Origin',(0.570000000000001,1.64999999999996,-2.60000000000001));
#3305=CARTESIAN_POINT('',(1.97,1.64999999999996,-2.60000000000001));
#3306=CARTESIAN_POINT('',(1.97,1.64999999999997,-3.1));
#3307=CARTESIAN_POINT('',(1.97,1.64999999999996,-2.60000000000001));
#3308=CARTESIAN_POINT('',(0.570000000000001,1.64999999999997,-3.1));
#3309=CARTESIAN_POINT('',(0.570000000000001,1.64999999999996,-2.60000000000001));
#3310=CARTESIAN_POINT('Origin',(1.97,0.,0.));
#3311=CARTESIAN_POINT('',(1.97,4.80289557853083,-2.59999999999999));
#3312=CARTESIAN_POINT('',(1.97,3.34999999999996,-2.6));
#3313=CARTESIAN_POINT('',(1.97,4.80289557853083,-2.59999999999999));
#3314=CARTESIAN_POINT('',(1.97,3.26405380994314,-3.1));
#3315=CARTESIAN_POINT('',(1.97,4.80289557853083,-2.59999999999999));
#3316=CARTESIAN_POINT('',(1.97,3.26405380994314,-3.1));
#3317=CARTESIAN_POINT('',(1.97,4.80289557853083,-2.59999999999999));
#3318=CARTESIAN_POINT('Origin',(0.570000000000001,4.80289557853083,-2.59999999999999));
#3319=CARTESIAN_POINT('',(2.345,3.34999999999996,-2.6));
#3320=CARTESIAN_POINT('',(0.570000000000001,4.80289557853083,-2.59999999999999));
#3321=CARTESIAN_POINT('Origin',(-0.194999999999999,1.3,1.95));
#3322=CARTESIAN_POINT('Origin',(-2.77,8.65,-3.1));
#3323=CARTESIAN_POINT('',(2.77,3.26405380994314,-3.1));
#3324=CARTESIAN_POINT('',(-2.77,3.26405380994314,-3.1));
#3325=CARTESIAN_POINT('',(2.77,0.,-3.1));
#3326=CARTESIAN_POINT('',(2.77,8.65,-3.1));
#3327=CARTESIAN_POINT('',(-2.77,0.,-3.1));
#3328=CARTESIAN_POINT('',(-2.77,0.,-3.1));
#3329=CARTESIAN_POINT('',(-2.77,3.26405380994314,-3.1));
#3330=CARTESIAN_POINT('',(-2.77,8.65,-3.1));
#3331=CARTESIAN_POINT('',(-2.77,3.26405380994314,-3.1));
#3332=CARTESIAN_POINT('',(-2.77,3.26405380994314,-3.1));
#3333=CARTESIAN_POINT('Origin',(-2.77,5.25,2.36102725426582));
#3334=CARTESIAN_POINT('',(-2.77,5.25,2.8));
#3335=CARTESIAN_POINT('',(-2.77,5.25,2.36102725426582));
#3336=CARTESIAN_POINT('',(-2.77,5.25,2.36102725426582));
#3337=CARTESIAN_POINT('',(2.77,5.25,2.8));
#3338=CARTESIAN_POINT('',(-2.77,5.25,2.8));
#3339=CARTESIAN_POINT('',(2.77,5.25,2.36102725426582));
#3340=CARTESIAN_POINT('',(2.77,5.25,2.36102725426582));
#3341=CARTESIAN_POINT('',(-2.77,5.25,2.36102725426582));
#3342=CARTESIAN_POINT('Origin',(-2.77,8.65,1.45000000000002));
#3343=CARTESIAN_POINT('',(2.77,8.42764571353075,1.50957965149305));
#3344=CARTESIAN_POINT('',(2.77,8.65,1.45000000000002));
#3345=CARTESIAN_POINT('',(-2.77,8.42764571353075,1.50957965149305));
#3346=CARTESIAN_POINT('',(-2.77,8.42764571353075,1.50957965149305));
#3347=CARTESIAN_POINT('',(-2.77,8.65,1.45000000000002));
#3348=CARTESIAN_POINT('Origin',(0.,8.35,1.21980190360633));
#3349=CARTESIAN_POINT('',(-2.77,8.65,1.21980190360633));
#3350=CARTESIAN_POINT('Origin',(-2.77,8.35,1.21980190360633));
#3351=CARTESIAN_POINT('',(2.77,8.65,1.21980190360633));
#3352=CARTESIAN_POINT('Origin',(2.77,8.35,1.21980190360633));
#3353=CARTESIAN_POINT('',(0.,8.65,1.21980190360633));
#3354=CARTESIAN_POINT('Origin',(0.,8.65,0.));
#3355=CARTESIAN_POINT('',(2.77,8.65,-1.13203724159837));
#3356=CARTESIAN_POINT('',(2.77,8.65,3.1));
#3357=CARTESIAN_POINT('',(-2.77,8.65,-1.13203724159837));
#3358=CARTESIAN_POINT('',(0.,8.65,-1.13203724159837));
#3359=CARTESIAN_POINT('',(-2.77,8.65,3.1));
#3360=CARTESIAN_POINT('Origin',(-2.77,8.35,-1.13203724159837));
#3361=CARTESIAN_POINT('',(-2.77,8.44270509831248,-1.41735419648692));
#3362=CARTESIAN_POINT('Origin',(-2.77,8.35,-1.13203724159837));
#3363=CARTESIAN_POINT('',(2.77,8.44270509831248,-1.41735419648692));
#3364=CARTESIAN_POINT('Origin',(2.77,8.35,-1.13203724159837));
#3365=CARTESIAN_POINT('',(-2.77,8.44270509831248,-1.41735419648692));
#3366=CARTESIAN_POINT('Origin',(-2.77,8.65,-1.34999999999998));
#3367=CARTESIAN_POINT('',(-2.77,8.65,-1.34999999999998));
#3368=CARTESIAN_POINT('',(2.77,8.65,-1.34999999999998));
#3369=CARTESIAN_POINT('Origin',(2.54,0.,-2.6));
#3370=CARTESIAN_POINT('',(0.195000000000001,3.34999999999996,-2.6));
#3371=CARTESIAN_POINT('',(2.345,3.34999999999996,-2.6));
#3372=CARTESIAN_POINT('',(0.195000000000001,0.15,-2.6));
#3373=CARTESIAN_POINT('',(0.195000000000001,0.15,-2.6));
#3374=CARTESIAN_POINT('',(2.345,0.15,-2.6));
#3375=CARTESIAN_POINT('',(0.195000000000001,0.15,-2.6));
#3376=CARTESIAN_POINT('',(2.345,3.34999999999996,-2.6));
#3377=CARTESIAN_POINT('',(2.345,0.15,-2.6));
#3378=CARTESIAN_POINT('',(2.345,3.34999999999996,-2.6));
#3379=CARTESIAN_POINT('Origin',(2.345,4.6,-1.87831216351296));
#3380=CARTESIAN_POINT('',(0.195000000000001,4.6,-1.87831216351296));
#3381=CARTESIAN_POINT('',(0.195000000000001,4.6,-1.87831216351296));
#3382=CARTESIAN_POINT('',(2.345,4.6,-1.87831216351296));
#3383=CARTESIAN_POINT('',(2.345,4.6,-1.87831216351296));
#3384=CARTESIAN_POINT('',(2.345,4.6,-1.87831216351296));
#3385=CARTESIAN_POINT('Origin',(0.,0.,0.));
#3386=CARTESIAN_POINT('',(2.77,0.,3.1));
#3387=CARTESIAN_POINT('',(2.77,0.,3.1));
#3388=CARTESIAN_POINT('',(-2.77,0.,3.1));
#3389=CARTESIAN_POINT('',(-2.77,0.,3.1));
#3390=CARTESIAN_POINT('',(-2.77,0.,3.1));
#3391=CARTESIAN_POINT('Origin',(-2.77,8.65,3.1));
#3392=CARTESIAN_POINT('',(-2.77,4.95,3.1));
#3393=CARTESIAN_POINT('',(-2.77,8.65,3.1));
#3394=CARTESIAN_POINT('Origin',(-2.77,4.95,2.8));
#3395=CARTESIAN_POINT('Origin',(-2.77,4.95,2.8));
#3396=CARTESIAN_POINT('',(2.77,4.95,3.1));
#3397=CARTESIAN_POINT('',(-2.77,4.95,3.1));
#3398=CARTESIAN_POINT('Origin',(2.77,4.95,2.8));
#3399=CARTESIAN_POINT('Origin',(2.77,8.65,3.1));
#3400=CARTESIAN_POINT('',(2.77,8.65,3.1));
#3401=CARTESIAN_POINT('Origin',(0.195000000000001,0.15,-2.6));
#3402=CARTESIAN_POINT('',(0.195000000000001,4.6,1.55000000005708));
#3403=CARTESIAN_POINT('',(0.195000000000001,4.6,-2.6));
#3404=CARTESIAN_POINT('',(0.195000000000001,0.15,1.55000000005708));
#3405=CARTESIAN_POINT('',(0.195000000000001,1.3,1.55000000005708));
#3406=CARTESIAN_POINT('',(0.195000000000001,0.15,-2.6));
#3407=CARTESIAN_POINT('Origin',(0.195000000000001,0.15,-2.6));
#3408=CARTESIAN_POINT('',(2.345,0.15,1.55000000005708));
#3409=CARTESIAN_POINT('',(2.345,0.15,1.55000000005708));
#3410=CARTESIAN_POINT('',(2.345,0.15,-2.6));
#3411=CARTESIAN_POINT('Origin',(2.345,0.15,-2.6));
#3412=CARTESIAN_POINT('',(2.345,4.6,1.55000000005708));
#3413=CARTESIAN_POINT('',(2.345,1.3,1.55000000005708));
#3414=CARTESIAN_POINT('',(2.345,4.6,-2.6));
#3415=CARTESIAN_POINT('Origin',(0.195000000000001,4.6,-2.6));
#3416=CARTESIAN_POINT('',(2.345,4.6,1.55000000005708));
#3417=CARTESIAN_POINT('Origin',(2.345,1.3,1.95));
#3418=CARTESIAN_POINT('',(1.97,1.3,1.55000000005708));
#3419=CARTESIAN_POINT('',(1.97,1.3,1.95));
#3420=CARTESIAN_POINT('',(0.570000000000002,1.3,1.55000000005708));
#3421=CARTESIAN_POINT('',(2.345,1.3,1.55000000005708));
#3422=CARTESIAN_POINT('',(0.570000000000001,1.3,1.95));
#3423=CARTESIAN_POINT('Origin',(-2.77,8.65,3.1));
#3424=CARTESIAN_POINT('Origin',(2.345,1.3,1.55000000005708));
#3425=CARTESIAN_POINT('',(1.97,3.1,1.55000000005708));
#3426=CARTESIAN_POINT('',(1.97,5.6512652982049,1.55000000005708));
#3427=CARTESIAN_POINT('',(0.570000000000002,3.1,1.55000000005708));
#3428=CARTESIAN_POINT('',(2.345,3.1,1.55000000005708));
#3429=CARTESIAN_POINT('',(0.570000000000001,5.6512652982049,1.55000000005708));
#3430=CARTESIAN_POINT('Origin',(1.97,5.6512652982049,1.95));
#3431=CARTESIAN_POINT('',(1.97,3.1,1.55000000005708));
#3432=CARTESIAN_POINT('Origin',(0.570000000000001,5.6512652982049,1.95));
#3433=CARTESIAN_POINT('',(0.570000000000001,3.1,1.55000000005708));
#3434=CARTESIAN_POINT('Origin',(2.345,3.1,1.55000000005708));
#3435=CARTESIAN_POINT('Origin',(1.27,11.6198484809835,-8.67361737988404E-16));
#3436=CARTESIAN_POINT('',(1.27,6.95,1.05));
#3437=CARTESIAN_POINT('Origin',(1.27,6.95,-8.67361737988404E-16));
#3438=CARTESIAN_POINT('',(1.27,7.75,1.05));
#3439=CARTESIAN_POINT('',(1.27,11.6198484809835,1.05));
#3440=CARTESIAN_POINT('',(0.372113049610567,7.75,-0.544333559796163));
#3441=CARTESIAN_POINT('Origin',(1.27,7.75,-8.67361737988404E-16));
#3442=CARTESIAN_POINT('',(0.372113049610567,7.15,-0.544333559796163));
#3443=CARTESIAN_POINT('',(0.372113049610567,11.6198484809835,-0.544333559796164));
#3444=CARTESIAN_POINT('',(0.725666440203843,7.15,-0.897886950389438));
#3445=CARTESIAN_POINT('Origin',(1.27,7.15,-8.67361737988404E-16));
#3446=CARTESIAN_POINT('',(0.725666440203844,7.75,-0.897886950389437));
#3447=CARTESIAN_POINT('',(0.725666440203843,11.6198484809835,-0.897886950389438));
#3448=CARTESIAN_POINT('',(2.16788695038944,7.75,0.544333559796162));
#3449=CARTESIAN_POINT('Origin',(1.27,7.75,-8.67361737988404E-16));
#3450=CARTESIAN_POINT('',(2.16788695038944,7.15,0.54433355979616));
#3451=CARTESIAN_POINT('',(2.16788695038944,11.6198484809835,0.544333559796161));
#3452=CARTESIAN_POINT('',(1.81433355979616,7.15,0.897886950389435));
#3453=CARTESIAN_POINT('Origin',(1.27,7.15,-8.67361737988404E-16));
#3454=CARTESIAN_POINT('',(1.81433355979616,7.75,0.897886950389435));
#3455=CARTESIAN_POINT('',(1.81433355979616,11.6198484809835,0.897886950389435));
#3456=CARTESIAN_POINT('Origin',(1.27,7.75,-8.67361737988404E-16));
#3457=CARTESIAN_POINT('Origin',(2.54,7.75,0.));
#3458=CARTESIAN_POINT('',(2.08177669529664,7.75,0.458223304703362));
#3459=CARTESIAN_POINT('Origin',(1.27,6.95,-8.67361737988404E-16));
#3460=CARTESIAN_POINT('Origin',(2.54,7.75,0.));
#3461=CARTESIAN_POINT('',(1.72822330470336,7.75,0.811776695296636));
#3462=CARTESIAN_POINT('Origin',(2.54,7.15,0.));
#3463=CARTESIAN_POINT('',(-3.1494173824159,7.15,-4.7729707730092));
#3464=CARTESIAN_POINT('',(-3.50297077300918,7.15,-4.41941738241592));
#3465=CARTESIAN_POINT('Origin',(-3.1494173824159,7.15,-4.7729707730092));
#3466=CARTESIAN_POINT('Origin',(-3.50297077300918,7.15,-4.41941738241592));
#3467=CARTESIAN_POINT('Origin',(2.345,0.15,-2.6));
#3468=CARTESIAN_POINT('',(0.195000000000001,0.15,-2.6));
#3469=CARTESIAN_POINT('',(0.195000000000001,3.34999999999996,-2.6));
#3470=CARTESIAN_POINT('',(0.195000000000001,0.15,-2.6));
#3471=CARTESIAN_POINT('',(2.345,3.34999999999996,-2.6));
#3472=CARTESIAN_POINT('',(2.345,3.34999999999996,-2.6));
#3473=CARTESIAN_POINT('',(2.345,0.15,-2.6));
#3474=CARTESIAN_POINT('',(2.345,0.15,-2.6));
#3475=CARTESIAN_POINT('',(2.345,0.15,-2.6));
#3476=CARTESIAN_POINT('',(0.770000000000001,1.64999999999997,-2.6));
#3477=CARTESIAN_POINT('',(0.770000000000001,2.41999999999997,-2.6));
#3478=CARTESIAN_POINT('',(0.770000000000001,2.41999999999997,-2.6));
#3479=CARTESIAN_POINT('',(1.77,1.64999999999997,-2.6));
#3480=CARTESIAN_POINT('',(1.77,1.64999999999997,-2.6));
#3481=CARTESIAN_POINT('',(1.77,2.41999999999997,-2.6));
#3482=CARTESIAN_POINT('',(1.77,2.41999999999997,-2.6));
#3483=CARTESIAN_POINT('',(1.77,2.41999999999997,-2.6));
#3484=CARTESIAN_POINT('Origin',(2.345,3.34999999999996,-2.6));
#3485=CARTESIAN_POINT('',(0.195000000000001,4.6,-1.87831216351296));
#3486=CARTESIAN_POINT('',(0.195000000000001,3.34999999999996,-2.6));
#3487=CARTESIAN_POINT('',(2.345,4.6,-1.87831216351296));
#3488=CARTESIAN_POINT('',(2.345,4.6,-1.87831216351296));
#3489=CARTESIAN_POINT('',(2.345,3.34999999999996,-2.6));
#3490=CARTESIAN_POINT('Origin',(2.345,4.6,-1.87831216351296));
#3491=CARTESIAN_POINT('',(0.195000000000001,4.6,1.55000000005708));
#3492=CARTESIAN_POINT('',(0.195000000000001,4.6,-1.87831216351296));
#3493=CARTESIAN_POINT('',(2.345,4.6,1.55000000005708));
#3494=CARTESIAN_POINT('',(2.345,4.6,1.55000000005708));
#3495=CARTESIAN_POINT('',(2.345,4.6,-1.87831216351296));
#3496=CARTESIAN_POINT('Origin',(2.345,4.6,1.55000000005708));
#3497=CARTESIAN_POINT('',(0.195000000000001,0.15,1.55000000005708));
#3498=CARTESIAN_POINT('',(0.195000000000001,4.6,1.55000000005708));
#3499=CARTESIAN_POINT('',(2.345,0.15,1.55000000005708));
#3500=CARTESIAN_POINT('',(2.345,0.15,1.55000000005708));
#3501=CARTESIAN_POINT('',(2.345,4.6,1.55000000005708));
#3502=CARTESIAN_POINT('',(0.569999999943156,3.1,1.55000000005708));
#3503=CARTESIAN_POINT('',(0.570000000000002,1.3,1.55000000005708));
#3504=CARTESIAN_POINT('',(0.569999999943156,3.1,1.55000000005708));
#3505=CARTESIAN_POINT('',(1.97000000005685,3.1,1.55000000005708));
#3506=CARTESIAN_POINT('',(1.97000000005685,3.1,1.55000000005708));
#3507=CARTESIAN_POINT('',(1.97,1.3,1.55000000005708));
#3508=CARTESIAN_POINT('',(1.97000000005685,3.1,1.55000000005708));
#3509=CARTESIAN_POINT('',(1.97,1.3,1.55000000005708));
#3510=CARTESIAN_POINT('Origin',(2.345,0.15,1.55000000005708));
#3511=CARTESIAN_POINT('',(0.195000000000001,0.15,1.55000000005708));
#3512=CARTESIAN_POINT('',(2.345,0.15,1.55000000005708));
#3513=CARTESIAN_POINT('Origin',(2.345,0.,0.));
#3514=CARTESIAN_POINT('Origin',(0.195000000000001,0.,0.));
#3515=CARTESIAN_POINT('Origin',(1.97000000005685,3.1,-2.09999999994292));
#3516=CARTESIAN_POINT('',(0.569999999943156,3.1,-2.09999999994292));
#3517=CARTESIAN_POINT('',(0.569999999943156,3.1,-2.09999999994292));
#3518=CARTESIAN_POINT('',(1.97000000005685,3.1,-2.09999999994292));
#3519=CARTESIAN_POINT('',(1.97000000005685,3.1,-2.09999999994292));
#3520=CARTESIAN_POINT('',(1.97000000005685,3.1,-2.09999999994292));
#3521=CARTESIAN_POINT('Origin',(1.97000000005685,3.1,-2.09999999994292));
#3522=CARTESIAN_POINT('',(1.97,1.3,-2.09999999994292));
#3523=CARTESIAN_POINT('',(1.97000000005685,3.1,-2.09999999994292));
#3524=CARTESIAN_POINT('',(1.97,1.3,-2.09999999994292));
#3525=CARTESIAN_POINT('Origin',(1.97,1.3,-2.09999999994292));
#3526=CARTESIAN_POINT('',(0.570000000000002,1.3,-2.09999999994292));
#3527=CARTESIAN_POINT('',(1.97,1.3,-2.09999999994292));
#3528=CARTESIAN_POINT('',(0.570000000000002,1.3,-2.09999999994292));
#3529=CARTESIAN_POINT('Origin',(0.569999999943156,3.1,-2.09999999994292));
#3530=CARTESIAN_POINT('',(0.569999999943156,3.1,-2.09999999994292));
#3531=CARTESIAN_POINT('Origin',(2.54,0.,-2.09999999994292));
#3532=CARTESIAN_POINT('Origin',(0.770000000000001,2.41999999999997,-2.85));
#3533=CARTESIAN_POINT('',(0.770000000000001,2.41999999999997,-2.85));
#3534=CARTESIAN_POINT('',(0.770000000000001,2.41999999999997,-2.85));
#3535=CARTESIAN_POINT('',(0.770000000000001,1.64999999999997,-2.85));
#3536=CARTESIAN_POINT('',(0.770000000000001,2.41999999999997,-2.85));
#3537=CARTESIAN_POINT('',(0.770000000000001,1.64999999999997,-2.85));
#3538=CARTESIAN_POINT('Origin',(1.77,2.41999999999997,-2.85));
#3539=CARTESIAN_POINT('',(1.77,2.41999999999997,-2.85));
#3540=CARTESIAN_POINT('',(1.77,2.41999999999997,-2.85));
#3541=CARTESIAN_POINT('',(1.77,2.41999999999997,-2.85));
#3542=CARTESIAN_POINT('Origin',(1.77,2.41999999999997,-2.85));
#3543=CARTESIAN_POINT('',(1.77,1.64999999999997,-2.85));
#3544=CARTESIAN_POINT('',(1.77,1.64999999999997,-2.85));
#3545=CARTESIAN_POINT('',(1.77,2.41999999999997,-2.85));
#3546=CARTESIAN_POINT('Origin',(1.77,1.64999999999997,-2.85));
#3547=CARTESIAN_POINT('',(1.77,1.64999999999997,-2.85));
#3548=CARTESIAN_POINT('Origin',(2.54,0.,-2.85));
#3549=CARTESIAN_POINT('Origin',(1.72,1.38777878078145E-15,0.500000000000001));
#3550=CARTESIAN_POINT('',(1.72,-2.69999999999998,0.500000000000001));
#3551=CARTESIAN_POINT('',(1.72,1.38777878078145E-15,0.500000000000001));
#3552=CARTESIAN_POINT('',(1.72,1.38777878078145E-15,0.500000000000001));
#3553=CARTESIAN_POINT('',(1.72,-2.69999999999998,1.31838984174237E-15));
#3554=CARTESIAN_POINT('',(1.72,-2.69999999999998,0.500000000000001));
#3555=CARTESIAN_POINT('',(1.72,1.38777878078145E-15,1.31838984174237E-15));
#3556=CARTESIAN_POINT('',(1.72,1.38777878078145E-15,1.31838984174237E-15));
#3557=CARTESIAN_POINT('',(1.72,1.38777878078145E-15,0.500000000000001));
#3558=CARTESIAN_POINT('Origin',(0.819999999999997,1.38777878078145E-15,
0.500000000000001));
#3559=CARTESIAN_POINT('',(0.819999999999997,1.38777878078145E-15,1.31838984174237E-15));
#3560=CARTESIAN_POINT('',(0.819999999999997,1.38777878078145E-15,1.31838984174237E-15));
#3561=CARTESIAN_POINT('',(0.819999999999997,1.38777878078145E-15,0.500000000000001));
#3562=CARTESIAN_POINT('',(0.819999999999997,1.38777878078145E-15,0.500000000000001));
#3563=CARTESIAN_POINT('',(0.819999999999997,1.38777878078145E-15,0.500000000000001));
#3564=CARTESIAN_POINT('Origin',(0.819999999999997,1.38777878078145E-15,
0.500000000000001));
#3565=CARTESIAN_POINT('',(0.819999999999997,-2.69999999999998,1.31838984174237E-15));
#3566=CARTESIAN_POINT('',(0.819999999999997,1.38777878078145E-15,1.31838984174237E-15));
#3567=CARTESIAN_POINT('',(0.819999999999997,-2.69999999999998,0.500000000000001));
#3568=CARTESIAN_POINT('',(0.819999999999997,-2.69999999999998,0.500000000000001));
#3569=CARTESIAN_POINT('',(0.819999999999997,1.38777878078145E-15,0.500000000000001));
#3570=CARTESIAN_POINT('Origin',(0.819999999999997,-3.7,0.500000000000001));
#3571=CARTESIAN_POINT('',(1.04169466264294,-3.7,0.500000000000001));
#3572=CARTESIAN_POINT('',(1.49830533735706,-3.7,0.500000000000001));
#3573=CARTESIAN_POINT('',(0.819999999999997,-3.7,0.500000000000001));
#3574=CARTESIAN_POINT('',(1.04169466264294,-3.7,1.31838984174237E-15));
#3575=CARTESIAN_POINT('',(1.04169466264294,-3.7,0.500000000000001));
#3576=CARTESIAN_POINT('',(1.49830533735706,-3.7,1.31838984174237E-15));
#3577=CARTESIAN_POINT('',(0.819999999999997,-3.7,1.31838984174237E-15));
#3578=CARTESIAN_POINT('',(1.49830533735706,-3.7,0.500000000000001));
#3579=CARTESIAN_POINT('Origin',(2.54,1.38777878078144E-15,0.500000000000001));
#3580=CARTESIAN_POINT('',(0.330040649798542,-0.489936192597513,0.500000000000001));
#3581=CARTESIAN_POINT('',(2.3289484606649,0.0467889998131672,0.500000000000001));
#3582=CARTESIAN_POINT('Origin',(2.54,1.38777878078144E-15,1.31838984174237E-15));
#3583=CARTESIAN_POINT('',(1.04169466264294,-3.7,1.31838984174237E-15));
#3584=CARTESIAN_POINT('',(1.72,-2.69999999999998,1.31838984174237E-15));
#3585=CARTESIAN_POINT('Origin',(1.04169466264294,-3.7,0.500000000000001));
#3586=CARTESIAN_POINT('Origin',(1.72,-2.69999999999998,0.500000000000001));
#3587=CARTESIAN_POINT('',(2.58364261870513,-0.761319851342832,-3.67496247004797));
#3588=UNCERTAINTY_MEASURE_WITH_UNIT(LENGTH_MEASURE(0.01),#3594,
'DISTANCE_ACCURACY_VALUE',
'Maximum model space distance between geometric entities at asserted c
onnectivities');
#3589=UNCERTAINTY_MEASURE_WITH_UNIT(LENGTH_MEASURE(0.01),#3594,
'DISTANCE_ACCURACY_VALUE',
'Maximum model space distance between geometric entities at asserted c
onnectivities');
#3590=UNCERTAINTY_MEASURE_WITH_UNIT(LENGTH_MEASURE(0.01),#3594,
'DISTANCE_ACCURACY_VALUE',
'Maximum model space distance between geometric entities at asserted c
onnectivities');
#3591=(
GEOMETRIC_REPRESENTATION_CONTEXT(3)
GLOBAL_UNCERTAINTY_ASSIGNED_CONTEXT((#3588))
GLOBAL_UNIT_ASSIGNED_CONTEXT((#3594,#3596,#3597))
REPRESENTATION_CONTEXT('','3D')
);
#3592=(
GEOMETRIC_REPRESENTATION_CONTEXT(3)
GLOBAL_UNCERTAINTY_ASSIGNED_CONTEXT((#3589))
GLOBAL_UNIT_ASSIGNED_CONTEXT((#3594,#3596,#3597))
REPRESENTATION_CONTEXT('','3D')
);
#3593=(
GEOMETRIC_REPRESENTATION_CONTEXT(3)
GLOBAL_UNCERTAINTY_ASSIGNED_CONTEXT((#3590))
GLOBAL_UNIT_ASSIGNED_CONTEXT((#3594,#3596,#3597))
REPRESENTATION_CONTEXT('','3D')
);
#3594=(
LENGTH_UNIT()
NAMED_UNIT(*)
SI_UNIT(.MILLI.,.METRE.)
);
#3595=(
LENGTH_UNIT()
NAMED_UNIT(*)
SI_UNIT($,.METRE.)
);
#3596=(
NAMED_UNIT(*)
PLANE_ANGLE_UNIT()
SI_UNIT($,.RADIAN.)
);
#3597=(
NAMED_UNIT(*)
SI_UNIT($,.STERADIAN.)
SOLID_ANGLE_UNIT()
);
#3598=SHAPE_DEFINITION_REPRESENTATION(#3600,#3603);
#3599=SHAPE_DEFINITION_REPRESENTATION(#3601,#3604);
#3600=PRODUCT_DEFINITION_SHAPE('',$,#3606);
#3601=PRODUCT_DEFINITION_SHAPE('',$,#3607);
#3602=PRODUCT_DEFINITION_SHAPE($,$,#14);
#3603=SHAPE_REPRESENTATION('',(#2240,#2388),#3591);
#3604=SHAPE_REPRESENTATION('',(#2241),#3592);
#3605=PRODUCT_DEFINITION_CONTEXT('part definition',#3613,'design');
#3606=PRODUCT_DEFINITION('1725656','(Unsaved)',#3608,#3605);
#3607=PRODUCT_DEFINITION('1725656_1725656','1725656_1725656',#3609,#3605);
#3608=PRODUCT_DEFINITION_FORMATION('',$,#3615);
#3609=PRODUCT_DEFINITION_FORMATION('',$,#3616);
#3610=PRODUCT_RELATED_PRODUCT_CATEGORY('(Unsaved)','(Unsaved)',(#3615));
#3611=PRODUCT_RELATED_PRODUCT_CATEGORY('1725656_1725656',
'1725656_1725656',(#3616));
#3612=APPLICATION_PROTOCOL_DEFINITION('international standard',
'automotive_design',2009,#3613);
#3613=APPLICATION_CONTEXT(
'Core Data for Automotive Mechanical Design Process');
#3614=PRODUCT_CONTEXT('part definition',#3613,'mechanical');
#3615=PRODUCT('1725656','(Unsaved)','STEP AP214',(#3614));
#3616=PRODUCT('1725656_1725656','1725656_1725656',$,(#3614));
#3617=PRESENTATION_STYLE_ASSIGNMENT((#3620));
#3618=PRESENTATION_STYLE_ASSIGNMENT((#3621));
#3619=PRESENTATION_STYLE_ASSIGNMENT((#3622));
#3620=SURFACE_STYLE_USAGE(.BOTH.,#3623);
#3621=SURFACE_STYLE_USAGE(.BOTH.,#3624);
#3622=SURFACE_STYLE_USAGE(.BOTH.,#3625);
#3623=SURFACE_SIDE_STYLE('',(#3626));
#3624=SURFACE_SIDE_STYLE('',(#3627));
#3625=SURFACE_SIDE_STYLE('',(#3628));
#3626=SURFACE_STYLE_FILL_AREA(#3629);
#3627=SURFACE_STYLE_FILL_AREA(#3630);
#3628=SURFACE_STYLE_FILL_AREA(#3631);
#3629=FILL_AREA_STYLE('Steel - Satin',(#3632));
#3630=FILL_AREA_STYLE('Opaque(202,209,238)',(#3633));
#3631=FILL_AREA_STYLE('Opaque(90,190,90)',(#3634));
#3632=FILL_AREA_STYLE_COLOUR('Steel - Satin',#3635);
#3633=FILL_AREA_STYLE_COLOUR('Opaque(202,209,238)',#3636);
#3634=FILL_AREA_STYLE_COLOUR('Opaque(90,190,90)',#3637);
#3635=COLOUR_RGB('Steel - Satin',0.627450980392157,0.627450980392157,0.627450980392157);
#3636=COLOUR_RGB('Opaque(202,209,238)',0.792156862745098,0.819607843137255,
0.933333333333333);
#3637=COLOUR_RGB('Opaque(90,190,90)',0.352941176470588,0.745098039215686,
0.352941176470588);
ENDSEC;
END-ISO-10303-21;
